Date,Name,Year,Letterboxd URI,Rating,Rewatch,Tags,Watched Date
2024-01-14,Faster,2010,https://boxd.it/5AbMK3,2,,,2017-11-26
2023-03-06,Star Wars: The Last Jedi,2017,https://boxd.it/3WDqCz,3,,,2017-12-16
2023-03-06,Star Wars: The Force Awakens,2015,https://boxd.it/3WDqBB,3,,,2018-01-31
2023-03-06,Return of the Jedi,1983,https://boxd.it/3WDqBL,4,,,2018-01-31
2023-03-06,Star Wars,1977,https://boxd.it/3WDqBV,4,,,2018-01-31
2023-03-06,Star Wars: Episode III – Revenge of the Sith,2005,https://boxd.it/3WDqC5,3.5,,,2018-01-31
2023-03-06,Star Wars: Episode II – Attack of the Clones,2002,https://boxd.it/3WDqCf,2.5,,,2018-01-31
2023-03-06,Star Wars: Episode I – The Phantom Menace,1999,https://boxd.it/3WDqCp,2.5,,,2018-01-31
2024-01-14,The Empire Strikes Back,1980,https://boxd.it/5AbMJJ,4,,,2018-01-31
2023-03-06,Batman Begins,2005,https://boxd.it/3WDqBr,4,,,2018-03-02
2024-01-14,The Dark Knight,2008,https://boxd.it/5AbMJz,4,,,2018-03-03
2024-01-14,The Dark Knight Rises,2012,https://boxd.it/5AbMJp,4,,,2018-03-04
2023-03-06,Inception,2010,https://boxd.it/3WDqBh,5,,,2018-03-16
2023-03-06,The Fighter,2010,https://boxd.it/3WDqB7,3.5,,,2018-03-17
2023-03-06,The Passion of the Christ,2004,https://boxd.it/3WDqAN,3,,,2018-03-20
2023-03-06,Tinker Tailor Soldier Spy,2011,https://boxd.it/3WDqAD,3.5,,,2018-03-27
2023-03-06,Gravity,2013,https://boxd.it/3WDqAt,3.5,,,2018-03-28
2023-03-06,Everest,2015,https://boxd.it/3WDqA9,3,,,2018-03-29
2023-03-06,Wheelman,2017,https://boxd.it/3WDqAj,0.5,,,2018-03-29
2023-03-06,Captain America: The First Avenger,2011,https://boxd.it/3WDqzF,2,,,2018-03-31
2023-03-06,300,2006,https://boxd.it/3WDqzP,2.5,,,2018-03-31
2023-03-06,Doctor Strange,2016,https://boxd.it/3WDqzZ,2.5,,,2018-03-31
2023-03-06,The Titan,2018,https://boxd.it/3WDqzl,0.5,,,2018-04-03
2023-03-06,Bright,2017,https://boxd.it/3WDqzb,0.5,,,2018-04-08
2023-03-06,Inglourious Basterds,2009,https://boxd.it/3WDqz1,4,,,2018-04-14
2023-03-06,Casino Royale,2006,https://boxd.it/3WDqyR,3.5,,,2018-04-15
2023-03-06,Your Name.,2016,https://boxd.it/3WDqyH,4,,,2018-04-19
2023-03-06,Harry Potter and the Deathly Hallows: Part 2,2011,https://boxd.it/3WDqxf,3.5,,,2018-04-21
2023-03-06,Harry Potter and the Deathly Hallows: Part 1,2010,https://boxd.it/3WDqxz,3,,,2018-04-21
2023-03-06,Harry Potter and the Half-Blood Prince,2009,https://boxd.it/3WDqxJ,3,,,2018-04-21
2023-03-06,Harry Potter and the Order of the Phoenix,2007,https://boxd.it/3WDqxT,3,,,2018-04-21
2023-03-06,Harry Potter and the Chamber of Secrets,2002,https://boxd.it/3WDqy3,3.5,,,2018-04-21
2023-03-06,Harry Potter and the Goblet of Fire,2005,https://boxd.it/3WDqyd,3.5,,,2018-04-21
2023-03-06,Harry Potter and the Prisoner of Azkaban,2004,https://boxd.it/3WDqyn,3.5,,,2018-04-21
2023-03-06,Harry Potter and the Philosopher's Stone,2001,https://boxd.it/3WDqyx,3.5,,,2018-04-21
2023-03-06,Locke,2013,https://boxd.it/3WDqvN,3.5,,,2018-04-22
2024-01-14,The Wolf of Wall Street,2013,https://boxd.it/5AbMHN,3.5,,,2018-04-22
2023-03-06,Shame,2011,https://boxd.it/3WDqvD,3.5,,,2018-04-23
2023-03-06,Django Unchained,2012,https://boxd.it/3WDqvj,4.5,,,2018-04-24
2023-03-06,The Imitation Game,2014,https://boxd.it/3WDqvt,3,,,2018-04-24
2023-03-06,Drive,2011,https://boxd.it/3WDquP,3.5,,,2018-04-25
2023-03-06,The Pianist,2002,https://boxd.it/3WDqv9,3.5,,,2018-04-25
2023-03-06,Filth,2013,https://boxd.it/3WDquF,2.5,,,2018-04-27
2023-03-06,Rush,2013,https://boxd.it/3WDqul,3,,,2018-05-01
2023-03-06,Mad Max: Fury Road,2015,https://boxd.it/3WDquv,3,,,2018-05-01
2023-03-06,The Great Beauty,2013,https://boxd.it/3WDqub,3,,,2018-05-02
2023-03-06,You Were Never Really Here,2017,https://boxd.it/3WDqu1,4.5,,,2018-05-04
2023-03-06,Sherlock Holmes: A Game of Shadows,2011,https://boxd.it/3WDqtH,2,,,2018-05-05
2023-03-06,Sherlock Holmes,2009,https://boxd.it/3WDqtR,2,,,2018-05-05
2023-03-06,Public Enemies,2009,https://boxd.it/3WDqtd,2.5,,,2018-05-06
2023-03-06,Mr. & Mrs. Smith,2005,https://boxd.it/3WDqtn,2.5,,,2018-05-06
2023-03-06,Forrest Gump,1994,https://boxd.it/3WDqsT,4,,,2018-05-07
2023-03-06,Iron Man,2008,https://boxd.it/3WDqsJ,2.5,,,2018-05-25
2023-03-06,Iron Man 3,2013,https://boxd.it/3WDqsp,2.5,,,2018-05-26
2023-03-06,Iron Man 2,2010,https://boxd.it/3WDqsz,2.5,,,2018-05-26
2023-03-06,Sharknado,2013,https://boxd.it/3WDqsf,0.5,,,2018-05-27
2023-03-06,The Avengers,2012,https://boxd.it/3WDqs5,2.5,,,2018-05-31
2023-03-06,Geri's Game,1997,https://boxd.it/3WDqrL,4,,,2018-06-01
2023-03-06,Captain America: The Winter Soldier,2014,https://boxd.it/3WDqrV,2.5,,,2018-06-01
2023-03-06,The Shawshank Redemption,1994,https://boxd.it/3WDqqX,4.5,,,2018-06-02
2024-01-14,Now You See Me,2013,https://boxd.it/5AbMGv,2.5,,,2018-06-02
2023-03-06,The Butler,2013,https://boxd.it/3WDqqD,2.5,,,2018-06-03
2023-03-06,Warcraft,2016,https://boxd.it/3WDqqN,1.5,,,2018-06-03
2023-03-06,Moonlight,2016,https://boxd.it/3WDqqt,3,,,2018-06-04
2023-03-06,The Lord of the Rings: The Return of the King,2003,https://boxd.it/3WDqpP,4,,,2018-06-09
2023-03-06,The Lord of the Rings: The Two Towers,2002,https://boxd.it/3WDqpZ,4,,,2018-06-09
2023-03-06,The Lord of the Rings: The Fellowship of the Ring,2001,https://boxd.it/3WDqq9,4,,,2018-06-09
2023-03-06,The Blue Umbrella,2013,https://boxd.it/3WDqpv,3.5,,,2018-06-15
2023-03-06,The Intouchables,2011,https://boxd.it/3WDqpF,4,,,2018-06-15
2023-03-06,Pirates of the Caribbean: Dead Men Tell No Tales,2017,https://boxd.it/3WDqkF,2.5,,,2018-06-16
2023-03-06,Pirates of the Caribbean: On Stranger Tides,2011,https://boxd.it/3WDqkP,2.5,,,2018-06-16
2023-03-06,Pirates of the Caribbean: At World's End,2007,https://boxd.it/3WDqkZ,2.5,,,2018-06-16
2023-03-06,Pirates of the Caribbean: Dead Man's Chest,2006,https://boxd.it/3WDql9,3,,,2018-06-16
2023-03-06,Pirates of the Caribbean: The Curse of the Black Pearl,2003,https://boxd.it/3WDqlt,3.5,,,2018-06-16
2023-03-06,The Fast and the Furious,2001,https://boxd.it/3WDqlN,2.5,,,2018-06-16
2023-03-06,Fast Five,2011,https://boxd.it/3WDqmL,2.5,,,2018-06-16
2023-03-06,The Fast and the Furious: Tokyo Drift,2006,https://boxd.it/3WDqmV,3,,,2018-06-16
2023-03-06,2 Fast 2 Furious,2003,https://boxd.it/3WDqn5,3,,,2018-06-16
2023-03-06,Transformers: Age of Extinction,2014,https://boxd.it/3WDqnp,1.5,,,2018-06-16
2023-03-06,Transformers: Dark of the Moon,2011,https://boxd.it/3WDqnz,2.5,,,2018-06-16
2023-03-06,Transformers: Revenge of the Fallen,2009,https://boxd.it/3WDqnJ,2,,,2018-06-16
2023-03-06,Transformers,2007,https://boxd.it/3WDqnT,2,,,2018-06-16
2023-03-06,Shrek the Third,2007,https://boxd.it/3WDqo3,2.5,,,2018-06-16
2023-03-06,Shrek 2,2004,https://boxd.it/3WDqod,3.5,,,2018-06-16
2023-03-06,The Cathedral,2002,https://boxd.it/3WDqon,3.5,,,2018-06-16
2023-03-06,Fallen Art,2004,https://boxd.it/3WDqox,3.5,,,2018-06-16
2023-03-06,Shrek,2001,https://boxd.it/3WDqoH,5,,,2018-06-16
2023-03-06,Katyn,2007,https://boxd.it/3WDqp1,2.5,,,2018-06-16
2023-03-06,The Boy in the Striped Pyjamas,2008,https://boxd.it/3WDqpb,3,,,2018-06-16
2023-03-06,Shutter Island,2010,https://boxd.it/3WDqpl,4.5,,,2018-06-16
2024-01-14,Furious 7,2015,https://boxd.it/5AbMDV,2.5,,,2018-06-16
2024-01-14,Fast & Furious 6,2013,https://boxd.it/5AbME5,2.5,,,2018-06-16
2023-03-06,Avatar,2009,https://boxd.it/3WDqkv,2.5,,,2018-06-19
2023-03-06,Spider-Man: Homecoming,2017,https://boxd.it/3WDqk1,2.5,,,2018-06-20
2023-03-06,Presto,2008,https://boxd.it/3WDqkb,3,,,2018-06-20
2023-03-06,Se7en,1995,https://boxd.it/3WDqkl,4.5,,,2018-06-20
2023-03-06,Born to Be Blue,2015,https://boxd.it/3WDqjH,3,,,2018-06-22
2023-03-06,Saving Private Ryan,1998,https://boxd.it/3WDqjR,4,,,2018-06-22
2023-03-06,Rocky III,1982,https://boxd.it/3WDqjx,2.5,,,2018-06-28
2023-03-06,Cold War,2018,https://boxd.it/3WDqjn,3.5,,,2018-07-03
2023-03-06,Nightcrawler,2014,https://boxd.it/3WDqj3,4,,,2018-07-05
2023-03-06,Dead Poets Society,1989,https://boxd.it/3WDqjd,4,,,2018-07-05
2023-03-06,Loving Vincent,2017,https://boxd.it/3WDqiT,3,,,2018-07-06
2023-03-06,The Matrix,1999,https://boxd.it/3WDqiz,3,,,2018-07-07
2023-03-06,The Martian,2015,https://boxd.it/3WDqiJ,3,,,2018-07-07
2023-03-06,WALL·E,2008,https://boxd.it/3WDqif,5,,,2018-07-09
2023-03-06,Fantastic Beasts and Where to Find Them,2016,https://boxd.it/3WDqip,2.5,,,2018-07-09
2023-03-06,Jack-Jack Attack,2005,https://boxd.it/3WDqhV,2.5,,,2018-07-10
2023-03-06,Blade Runner 2049,2017,https://boxd.it/3WDqi5,4,,,2018-07-10
2024-01-14,Arthur and the Invisibles,2006,https://boxd.it/5AbMCj,2.5,,,2018-07-10
2023-03-06,The Incredibles,2004,https://boxd.it/3WDqgD,5,,,2018-07-11
2023-03-06,Cars 2,2011,https://boxd.it/3WDqgN,4,,,2018-07-11
2023-03-06,Cars,2006,https://boxd.it/3WDqgX,4,,,2018-07-11
2023-03-06,Suicide Squad,2016,https://boxd.it/3WDqh7,1.5,,,2018-07-11
2023-03-06,Cars 3,2017,https://boxd.it/3WDqfZ,2.5,,,2018-07-13
2023-03-06,Baby Driver,2017,https://boxd.it/3WDqg9,3.5,,,2018-07-13
2023-03-06,Arrival,2016,https://boxd.it/3WDqgt,3.5,,,2018-07-13
2023-03-06,Incredibles 2,2018,https://boxd.it/3WDqfP,3,,,2018-07-31
2023-03-06,The Lego Batman Movie,2017,https://boxd.it/3WDqfF,3,,,2018-08-01
2023-03-06,2001: A Space Odyssey,1968,https://boxd.it/3WDqfv,4.5,,,2018-08-02
2023-03-06,Utøya: July 22,2018,https://boxd.it/3WDqen,4,,,2018-08-08
2023-03-06,March Caresses,1990,https://boxd.it/3WDqex,2.5,,,2018-08-08
2023-03-06,Naples in Veils,2017,https://boxd.it/3WDqeR,,,,2018-08-08
2023-03-06,BPM (Beats per Minute),2017,https://boxd.it/3WDqf1,3,,,2018-08-08
2023-03-06,The Man Who Killed Don Quixote,2018,https://boxd.it/3WDqfb,2.5,,,2018-08-08
2023-03-06,The Old Man and the Sea,1999,https://boxd.it/3WDqfl,3.5,,,2018-08-08
2023-03-06,Perfect Strangers,2016,https://boxd.it/3WDqdp,3.5,,,2018-08-09
2023-03-06,Promise at Dawn,2017,https://boxd.it/3WDqdz,,,,2018-08-09
2023-03-06,The Divine Order,2017,https://boxd.it/3WDqdJ,2.5,,,2018-08-09
2023-03-06,Winter Brothers,2017,https://boxd.it/3WDqdT,2,,,2018-08-09
2023-03-06,Louise by the Shore,2016,https://boxd.it/3WDqe3,2.5,,,2018-08-09
2023-03-06,Bao,2018,https://boxd.it/3WDqed,3.5,,,2018-08-09
2023-03-06,The Killing of a Sacred Deer,2017,https://boxd.it/3WDqch,4.5,,,2018-08-10
2023-03-06,The Sweet Escape,2015,https://boxd.it/3WDqcr,,,,2018-08-10
2023-03-06,Under the Tree,2017,https://boxd.it/3WDqcV,3,,,2018-08-10
2023-03-06,Aurora,2014,https://boxd.it/3WDqd5,,,,2018-08-10
2024-01-14,"Ana, My Love",2017,https://boxd.it/5AbMB1,,,,2018-08-10
2023-03-06,Ant-Man,2015,https://boxd.it/3WDqc7,2,,,2018-08-17
2023-03-06,Hurricane,2018,https://boxd.it/3WDqbX,2.5,,,2018-08-28
2023-03-06,The Best Offer,2013,https://boxd.it/3WDqbN,3,,,2018-09-04
2023-03-06,The Ultimate Gift,2006,https://boxd.it/3WDqbD,,,,2018-09-10
2023-03-06,The Chronicles of Narnia: The Voyage of the Dawn Treader,2010,https://boxd.it/3WDqb9,2,,,2018-09-22
2023-03-06,The Chronicles of Narnia: Prince Caspian,2008,https://boxd.it/3WDqbj,2,,,2018-09-22
2023-03-06,"The Chronicles of Narnia: The Lion, the Witch and the Wardrobe",2005,https://boxd.it/3WDqbt,2,,,2018-09-22
2023-03-06,303 Squadron,2018,https://boxd.it/3WDqaZ,1,,,2018-09-24
2023-03-06,Ocean's Eleven,2001,https://boxd.it/3WDqaP,3.5,,,2018-10-16
2023-03-06,Ocean's Twelve,2004,https://boxd.it/3WDqaF,3,,,2018-10-17
2023-03-06,Ocean's Thirteen,2007,https://boxd.it/3WDqal,3,,,2018-10-19
2023-03-06,Venom,2018,https://boxd.it/3WDqab,2,,,2018-11-06
2023-03-06,Nocturnal Animals,2016,https://boxd.it/3WDqa1,4,,,2018-11-12
2023-03-06,Bohemian Rhapsody,2018,https://boxd.it/3WDq9R,3,,,2018-11-13
2023-03-06,A Star Is Born,2018,https://boxd.it/3WDq9H,2.5,,,2018-12-18
2023-03-06,Wonder Woman,2017,https://boxd.it/3WDq9x,2,,,2019-01-24
2023-03-06,Fury,2014,https://boxd.it/3WDq9n,3.5,,,2019-01-31
2023-03-06,Interstellar,2014,https://boxd.it/3WDq93,5,,,2019-02-01
2023-03-06,Spirit: Stallion of the Cimarron,2002,https://boxd.it/3WDq9d,5,,,2019-02-01
2023-03-06,The Revenant,2015,https://boxd.it/3WDq8J,3.5,,,2019-02-02
2023-03-06,Monty Python and the Holy Grail,1975,https://boxd.it/3WDq8T,4,,,2019-02-02
2023-03-06,Escape from Alcatraz,1979,https://boxd.it/3WDq8z,4,,,2019-02-03
2024-01-14,Blood Diamond,2006,https://boxd.it/5AbMzz,2.5,,,2019-02-05
2023-03-06,Snatch,2000,https://boxd.it/3WDq7L,3,,,2019-02-07
2023-03-06,The Mask,1994,https://boxd.it/3WDq7B,3.5,,,2019-02-13
2023-03-06,I Am Legend,2007,https://boxd.it/3WDq7r,3,,,2019-02-14
2023-03-06,Moon,2009,https://boxd.it/3WDq7h,3,,,2019-02-15
2023-03-06,Icarus,2017,https://boxd.it/3WDq77,2.5,,,2019-02-16
2023-03-06,A Bug's Life,1998,https://boxd.it/3WDq6X,3.5,,,2019-02-17
2023-03-06,Going in Style,2017,https://boxd.it/3WDq6N,3,,,2019-02-19
2023-03-06,The Lincoln Lawyer,2011,https://boxd.it/3WDq6D,4,,,2019-02-22
2023-03-06,The Favourite,2018,https://boxd.it/3WDq6t,3,,,2019-02-26
2023-03-06,The Shack,2017,https://boxd.it/3WDq6j,1.5,,,2019-03-08
2023-03-06,Dunkirk,2017,https://boxd.it/3WDq69,3.5,,,2019-04-09
2023-03-06,Blue Valentine,2010,https://boxd.it/3WDq5P,3,,,2019-05-05
2023-03-06,The Hunt,2012,https://boxd.it/3WDq5Z,4,,,2019-05-05
2023-03-06,Sleepy Hollow,1999,https://boxd.it/3WDq5F,2,,,2019-05-14
2023-03-06,The Assassination of Jesse James by the Coward Robert Ford,2007,https://boxd.it/3WDq51,3.5,,,2019-06-26
2023-03-06,American Sniper,2014,https://boxd.it/3WDq5b,3,,,2019-06-26
2023-03-06,Gods,2014,https://boxd.it/3WDq5l,2.5,,,2019-06-26
2023-03-06,Argo,2012,https://boxd.it/3WDq4R,2.5,,,2019-06-27
2023-03-06,Roman Holiday,1953,https://boxd.it/3WDq4x,4,,,2019-08-05
2023-03-06,Fight Club,1999,https://boxd.it/3WDq4n,4.5,,,2019-08-13
2023-03-06,Joker,2019,https://boxd.it/3WDq4d,4,,,2019-11-02
2023-03-06,Star Wars: The Rise of Skywalker,2019,https://boxd.it/3WDq43,2.5,,,2019-12-22
2023-03-06,The Invisible Guest,2016,https://boxd.it/3WDq3J,4,,,2019-12-28
2023-03-06,Full Metal Jacket,1987,https://boxd.it/3WDq3T,4.5,,,2019-12-28
2024-01-14,The Two Popes,2019,https://boxd.it/5AbMy7,3.5,,,2019-12-29
2023-03-06,Senna,2010,https://boxd.it/3WDq2r,4,,,2019-12-30
2023-03-06,The Great Gatsby,2013,https://boxd.it/3WDq2B,3,,,2019-12-30
2023-03-06,Marriage Story,2019,https://boxd.it/3WDq2h,4,,,2020-01-01
2023-03-06,John Wick,2014,https://boxd.it/3WDq1D,3.5,,,2020-01-02
2023-03-06,Spider-Man 3,2007,https://boxd.it/3WDq1N,3,,,2020-01-02
2023-03-06,Spider-Man 2,2004,https://boxd.it/3WDq1X,3.5,,,2020-01-02
2023-03-06,Spider-Man,2002,https://boxd.it/3WDq27,3.5,,,2020-01-02
2023-03-06,John Wick: Chapter 2,2017,https://boxd.it/3WDq1t,3.5,,,2020-01-03
2023-03-06,The King,2019,https://boxd.it/3WDq1j,3,,,2020-01-04
2023-03-06,The Shining,1980,https://boxd.it/3WDq19,4.5,,,2020-01-05
2023-03-06,Midnight in Paris,2011,https://boxd.it/3WDq0P,3,,,2020-02-06
2023-03-06,Carte Blanche,2015,https://boxd.it/3WDq0Z,2.5,,,2020-02-06
2023-03-06,Body of Lies,2008,https://boxd.it/3WDq0F,2.5,,,2020-02-09
2023-03-06,8 Mile,2002,https://boxd.it/3WDq0b,3,,,2020-02-15
2023-03-06,Unbroken,2014,https://boxd.it/3WDq0l,2.5,,,2020-02-15
2023-03-06,The Prestige,2006,https://boxd.it/3WDq01,3,,,2020-02-21
2023-03-06,Happy Feet,2006,https://boxd.it/3WDpYJ,3,,,2020-02-25
2023-03-06,Gladiator,2000,https://boxd.it/3WDpZ3,4,,,2020-02-25
2023-03-06,Charlie and the Chocolate Factory,2005,https://boxd.it/3WDpZd,3,,,2020-02-25
2023-03-06,The Hobbit: The Desolation of Smaug,2013,https://boxd.it/3WDpZn,1,,,2020-02-25
2023-03-06,The Hobbit: An Unexpected Journey,2012,https://boxd.it/3WDpZx,1.5,,,2020-02-25
2023-03-06,God's Not Dead,2014,https://boxd.it/3WDpZH,1,,,2020-02-25
2023-03-06,Reservoir Dogs,1992,https://boxd.it/3WDpZR,4.5,,,2020-02-25
2023-03-06,The Marshal,2019,https://boxd.it/3WDpYz,2,,,2020-02-29
2023-03-06,Men in Black 3,2012,https://boxd.it/3WDpXV,2.5,,,2020-03-18
2023-03-06,Men in Black II,2002,https://boxd.it/3WDpY5,2.5,,,2020-03-18
2024-01-14,Men in Black,1997,https://boxd.it/5AbMwF,3,,,2020-03-18
2023-03-06,A Life of Speed: The Juan Manuel Fangio Story,2020,https://boxd.it/3WDpXL,3,,,2020-03-21
2023-03-06,"Girl, Interrupted",1999,https://boxd.it/3WDpXB,3.5,,,2020-03-28
2023-03-06,The Maze Runner,2014,https://boxd.it/3WDpXr,2.5,,,2020-03-31
2023-03-06,Blade Runner,1982,https://boxd.it/3WDpXh,3.5,,,2020-04-07
2023-03-06,Percy Jackson: Sea of Monsters,2013,https://boxd.it/3WDpX7,2,,,2020-04-12
2023-03-06,2012,2009,https://boxd.it/3WDpWX,1.5,,,2020-04-15
2023-03-06,Life of Brian,1979,https://boxd.it/3WDpWN,4,,,2020-04-17
2023-03-06,The Bucket List,2007,https://boxd.it/3WDpWt,3,,,2020-04-18
2023-03-06,Lone Survivor,2013,https://boxd.it/3WDpWD,2.5,,,2020-04-18
2023-03-06,Finding Nemo,2003,https://boxd.it/3WDpWj,3.5,,,2020-04-19
2023-03-06,The Truman Show,1998,https://boxd.it/3WDpVZ,4,,,2020-04-29
2023-03-06,Macbeth,2015,https://boxd.it/3WDpW9,0.5,,,2020-04-29
2023-03-06,Toy Story,1995,https://boxd.it/3WDpVl,4.5,,,2020-05-03
2023-03-06,Toy Story 2,1999,https://boxd.it/3WDpVv,4,,,2020-05-03
2023-03-06,Toy Story 3,2010,https://boxd.it/3WDpVF,3,,,2020-05-03
2023-03-06,Toy Story 4,2019,https://boxd.it/3WDpVP,3,,,2020-05-03
2023-03-06,Indiana Jones and the Last Crusade,1989,https://boxd.it/3WDpUH,3.5,,,2020-06-07
2023-03-06,Indiana Jones and the Temple of Doom,1984,https://boxd.it/3WDpUR,3,,,2020-06-07
2023-03-06,Raiders of the Lost Ark,1981,https://boxd.it/3WDpV1,3,,,2020-06-07
2023-03-06,Gran Torino,2008,https://boxd.it/3WDpUn,4,,,2020-06-08
2023-03-06,Whiplash,2014,https://boxd.it/3WDpUx,4,,,2020-06-08
2023-03-06,Phantom Thread,2017,https://boxd.it/3WDpU3,3.5,,,2020-07-02
2024-01-14,Lady Bird,2017,https://boxd.it/5AbMvn,4,,,2020-07-02
2023-03-06,Diana: In Her Own Words,2017,https://boxd.it/3WDpSr,3,,,2020-07-07
2023-03-06,The Sisterhood,2019,https://boxd.it/3WDpS7,1,,,2020-07-31
2023-03-06,Pulp Fiction,1994,https://boxd.it/3WDpSh,4.5,,,2020-07-31
2023-03-06,Southpaw,2015,https://boxd.it/3WDpRX,2.5,,,2020-08-01
2023-03-06,Mission: Impossible III,2006,https://boxd.it/3WDpRt,2.5,,,2020-08-04
2023-03-06,Mission: Impossible II,2000,https://boxd.it/3WDpRD,3,,,2020-08-04
2023-03-06,Mission: Impossible,1996,https://boxd.it/3WDpRN,3,,,2020-08-04
2023-03-06,Dirty Dancing,1987,https://boxd.it/3WDpQF,3,,,2020-08-05
2023-03-06,Mission: Impossible – Fallout,2018,https://boxd.it/3WDpQZ,3.5,,,2020-08-05
2023-03-06,Mission: Impossible – Rogue Nation,2015,https://boxd.it/3WDpR9,3,,,2020-08-05
2023-03-06,Mission: Impossible – Ghost Protocol,2011,https://boxd.it/3WDpRj,3,,,2020-08-05
2023-03-06,The Terminal,2004,https://boxd.it/3WDpQv,2.5,,,2020-08-28
2023-03-06,Corpus Christi,2019,https://boxd.it/3WDpQb,4,,,2020-10-22
2023-03-06,The Theory of Everything,2014,https://boxd.it/3WDpQl,2.5,,,2020-10-22
2023-03-06,Catch Me If You Can,2002,https://boxd.it/3WDpQ1,3,,,2020-10-28
2023-03-06,Shooter,2007,https://boxd.it/3WDpPR,2.5,,,2020-10-29
2023-03-06,Williams,2017,https://boxd.it/3WDpPx,3.5,,,2020-11-04
2023-03-06,Troy,2004,https://boxd.it/3WDpPn,2.5,,,2020-11-19
2023-03-06,Enemy at the Gates,2001,https://boxd.it/3WDpPd,3,,,2020-12-25
2023-03-06,Scent of a Woman,1992,https://boxd.it/3WDpP3,4,,,2020-12-28
2023-03-06,A Clockwork Orange,1971,https://boxd.it/3WDpOT,4,,,2020-12-29
2023-03-06,First Man,2018,https://boxd.it/3WDpOJ,3,,,2021-01-18
2023-03-06,Death to 2020,2020,https://boxd.it/3WDpOp,2.5,,,2021-01-31
2023-03-06,Exodus: Gods and Kings,2014,https://boxd.it/3WDpOz,2,,,2021-01-31
2024-01-14,30 Door Key,1991,https://boxd.it/5AbMtL,3,,,2021-01-31
2023-03-06,Day of the Wacko,2002,https://boxd.it/3WDpNB,3.5,,,2021-02-10
2023-03-06,The Untouchables,1987,https://boxd.it/3WDpNr,3.5,,,2021-02-26
2023-03-06,The Green Mile,1999,https://boxd.it/3WDpNh,4,,,2021-03-03
2023-03-06,Captain Phillips,2013,https://boxd.it/3WDpMX,2.5,,,2021-03-19
2023-03-06,Blue Jasmine,2013,https://boxd.it/3WDpN7,2.5,,,2021-03-19
2023-03-06,American Psycho,2000,https://boxd.it/3WDpMN,4,,,2021-03-21
2023-03-06,Apollo 13,1995,https://boxd.it/3WDpMt,4,,,2021-04-03
2023-03-06,The Mule,2018,https://boxd.it/3WDpMj,3.5,,,2021-04-16
2023-03-06,Steve Jobs,2015,https://boxd.it/3WDpM9,2,,,2021-04-25
2023-03-06,The Godfather,1972,https://boxd.it/3WDpLZ,4.5,,,2021-05-25
2023-03-06,The Godfather Part II,1974,https://boxd.it/3WDpLP,4,,,2021-05-28
2023-03-06,The Godfather Part III,1990,https://boxd.it/3WDpLF,3.5,,,2021-06-01
2023-03-06,Once Upon a Time... in Hollywood,2019,https://boxd.it/3WDpL1,3.5,,,2021-07-25
2023-03-06,The Dictator,2012,https://boxd.it/3WDpLb,2,,,2021-07-25
2023-03-06,Red Dragon,2002,https://boxd.it/3WDpLv,2.5,,,2021-07-25
2023-03-06,Kill Bill: Vol. 2,2004,https://boxd.it/3WDpKH,3.5,,,2021-08-03
2023-03-06,Kill Bill: Vol. 1,2003,https://boxd.it/3WDpKR,4,,,2021-08-03
2023-03-06,Into the Wild,2007,https://boxd.it/3WDpKx,3,,,2021-08-08
2023-03-06,The Social Network,2010,https://boxd.it/3WDpKn,3,,,2021-08-09
2023-03-06,Amateurs,2020,https://boxd.it/3WDpJz,3,,,2021-08-10
2023-03-06,Back Home,2019,https://boxd.it/3WDpJJ,2.5,,,2021-08-10
2023-03-06,I Am,2005,https://boxd.it/3WDpJT,3,,,2021-08-10
2023-03-06,Thanks for Every New Morning,1994,https://boxd.it/3WDpK3,3,,,2021-08-10
2023-03-06,Another Round,2020,https://boxd.it/3WDpHD,5,,,2021-08-12
2023-03-06,The Champion,2020,https://boxd.it/3WDpHN,3,,,2021-08-12
2023-03-06,Arn: The Kingdom at Road's End,2008,https://boxd.it/3WDpJp,2.5,,,2021-08-12
2024-01-14,Out of Tune,2019,https://boxd.it/5AbMs9,2.5,,,2021-08-12
2023-03-06,Sweat,2020,https://boxd.it/3WDpGZ,3,,,2021-08-13
2023-03-06,On a Magical Night,2019,https://boxd.it/3WDpH9,,,,2021-08-13
2023-03-06,Apples,2020,https://boxd.it/3WDpHj,3,,,2021-08-13
2023-03-06,Brides,2014,https://boxd.it/3WDpHt,2.5,,,2021-08-13
2023-03-06,The Game,1997,https://boxd.it/3WDpGP,5,,,2021-08-16
2023-03-06,Bean,1997,https://boxd.it/3WDpFx,3,,,2021-08-17
2023-03-06,Hoodwinked!,2005,https://boxd.it/3WDpFH,3.5,,,2021-08-17
2023-03-06,Hitman,2007,https://boxd.it/3WDpFR,2,,,2021-08-17
2023-03-06,Bridge to Terabithia,2007,https://boxd.it/3WDpG1,2.5,,,2021-08-17
2023-03-06,Madagascar,2005,https://boxd.it/3WDpGb,2.5,,,2021-08-17
2023-03-06,Ice Age: The Meltdown,2006,https://boxd.it/3WDpGl,2.5,,,2021-08-17
2023-03-06,Ice Age,2002,https://boxd.it/3WDpGF,3.5,,,2021-08-17
2023-03-06,True Grit,2010,https://boxd.it/3WDpFn,3,,,2021-09-11
2023-03-06,Skyfall,2012,https://boxd.it/3WDpET,3.5,,,2021-10-04
2023-03-06,The Lighthouse,2019,https://boxd.it/3WDpF3,3.5,,,2021-10-04
2023-03-06,Quantum of Solace,2008,https://boxd.it/3WDpFd,2,,,2021-10-04
2023-03-06,No Time to Die,2021,https://boxd.it/3WDpEf,4,,,2021-10-05
2023-03-06,Spectre,2015,https://boxd.it/3WDpEz,3,,,2021-10-05
2023-03-06,Tenet,2020,https://boxd.it/3WDpE5,3,,,2021-10-06
2023-03-06,Rocketman,2019,https://boxd.it/3WDpDV,4,,,2021-10-15
2023-03-06,Vice,2018,https://boxd.it/3WDpDB,3,,,2021-10-19
2023-03-06,Good Will Hunting,1997,https://boxd.it/3WDpDr,4,,,2021-10-22
2024-01-14,Knives Out,2019,https://boxd.it/5AbMqR,4.5,,,2021-10-25
2023-03-06,Dune,2021,https://boxd.it/3WDpC9,5,,,2021-10-27
2023-03-06,There Will Be Blood,2007,https://boxd.it/3WDpBZ,4,,,2021-10-30
2023-03-06,Chinatown,1974,https://boxd.it/3WDpBP,4,,,2021-10-31
2023-03-06,Ford v Ferrari,2019,https://boxd.it/3WDpBv,2.5,,,2021-11-01
2023-03-06,The Last Duel,2021,https://boxd.it/3WDpBl,2.5,,,2021-11-03
2023-03-06,No Country for Old Men,2007,https://boxd.it/3WDpBb,5,,,2021-11-13
2023-03-06,Uncut Gems,2019,https://boxd.it/3WDpB1,4,,,2021-11-14
2023-03-06,Last Night in Soho,2021,https://boxd.it/3WDpAH,3.5,,,2021-11-16
2023-03-06,Spencer,2021,https://boxd.it/3WDpAR,3,,,2021-11-16
2023-03-06,American Gangster,2007,https://boxd.it/3WDpAx,3,,,2021-11-21
2023-03-06,Frances Ha,2012,https://boxd.it/3WDpAn,3,,,2021-12-17
2023-03-06,Malcolm & Marie,2021,https://boxd.it/3WDpAd,2.5,,,2021-12-23
2023-03-06,Don't Look Up,2021,https://boxd.it/3WDpA3,3,,,2021-12-24
2023-03-06,Bruce Almighty,2003,https://boxd.it/3WDpzT,2.5,,,2021-12-26
2023-03-06,Mystic River,2003,https://boxd.it/3WDpzz,3.5,,,2021-12-27
2023-03-06,Constantine,2005,https://boxd.it/3WDpzJ,2.5,,,2021-12-27
2023-03-06,Fracture,2007,https://boxd.it/3WDpzp,3,,,2021-12-28
2023-03-06,Death to 2021,2021,https://boxd.it/3WDpz5,2,,,2021-12-29
2023-03-06,Zodiac,2007,https://boxd.it/3WDpzf,4,,,2021-12-29
2023-03-06,V for Vendetta,2005,https://boxd.it/3WDpyV,3,,,2021-12-30
2023-03-06,Lost in Translation,2003,https://boxd.it/3WDpyL,3.5,,,2021-12-31
2023-03-06,Taxi Driver,1976,https://boxd.it/3WDpyB,4,,,2022-01-01
2023-03-06,Intrusion,2021,https://boxd.it/3WDpyr,1,,,2022-01-04
2023-03-06,C'mon C'mon,2021,https://boxd.it/3WDpyh,4,,,2022-01-27
2024-01-14,Gone Girl,2014,https://boxd.it/5AbMp5,2,,,2022-02-05
2023-03-06,The Power of the Dog,2021,https://boxd.it/3WDpxj,3,,,2022-02-06
2023-03-06,Job: The Last Grey Cell,2006,https://boxd.it/3WDpx9,1,,,2022-02-12
2023-03-06,Good Time,2017,https://boxd.it/3WDpwZ,4,,,2022-02-14
2023-03-06,The Lobster,2015,https://boxd.it/3WDpwP,4,,,2022-02-19
2023-03-06,The Batman,2022,https://boxd.it/3WDpwF,4,,,2022-03-05
2023-03-06,Flight,2012,https://boxd.it/3WDpwv,3,,,2022-03-10
2023-03-06,The Devil's Advocate,1997,https://boxd.it/3WDpwl,3.5,,,2022-03-20
2023-03-06,The Worst Person in the World,2021,https://boxd.it/3WDpwb,5,,,2022-04-04
2023-03-06,Drive My Car,2021,https://boxd.it/3WDpw1,4,,,2022-04-07
2023-03-06,The Northman,2022,https://boxd.it/3WDpvH,3,,,2022-05-04
2023-03-06,Everything Everywhere All at Once,2022,https://boxd.it/3WDpvR,4.5,,,2022-05-04
2023-03-06,"tick, tick... BOOM!",2021,https://boxd.it/3WDpvn,4,,,2022-05-06
2023-03-06,Talking Heads,1980,https://boxd.it/3WDpvd,4,,,2022-05-08
2023-03-06,Top Gun: Maverick,2022,https://boxd.it/3WDpv3,4,,,2022-06-11
2023-03-06,Green Book,2018,https://boxd.it/3WDpuT,4,,,2022-06-13
2023-03-06,After Earth,2013,https://boxd.it/3WDpuz,0.5,,,2022-06-16
2023-03-06,Twelve Monkeys,1995,https://boxd.it/3WDpuJ,3,,,2022-06-16
2023-03-06,The Big Lebowski,1998,https://boxd.it/3WDpuf,4,,,2022-06-17
2023-03-06,The Witch,2015,https://boxd.it/3WDpup,3.5,,,2022-06-17
2023-03-06,"Monsters, Inc.",2001,https://boxd.it/3WDpu5,3.5,,,2022-06-24
2023-03-06,Elvis,2022,https://boxd.it/3WDptV,2,,,2022-06-29
2023-03-06,Split,2016,https://boxd.it/3WDptL,3,,,2022-07-06
2023-03-06,Get Out,2017,https://boxd.it/3WDptB,4.5,,,2022-08-02
2023-03-06,Birdman or (The Unexpected Virtue of Ignorance),2014,https://boxd.it/3WDptr,3,,,2022-08-10
2024-01-14,Herbie Fully Loaded,2005,https://boxd.it/5AbMnN,1,,,2022-08-10
2024-01-14,Manchester by the Sea,2016,https://boxd.it/5AbMnD,5,,,2022-08-14
2023-03-06,Dr. Strangelove or: How I Learned to Stop Worrying and Love the Bomb,1964,https://boxd.it/3WDpsN,4,,,2022-08-16
2023-03-06,Edge of Tomorrow,2014,https://boxd.it/3WDpsD,2.5,,,2022-08-17
2023-03-06,Fanatyk,2017,https://boxd.it/3WDpsj,3,,,2022-08-18
2023-03-06,Inside Man,2006,https://boxd.it/3WDpst,3,,,2022-08-18
2023-03-06,L.A. Confidential,1997,https://boxd.it/3WDps9,4,,,2022-08-19
2023-03-06,The Talented Mr. Ripley,1999,https://boxd.it/3WDprZ,3.5,,,2022-08-20
2023-03-06,Ex Machina,2015,https://boxd.it/3WDprP,3,,,2022-08-23
2023-03-06,The Constant Gardener,2005,https://boxd.it/3WDprF,3,,,2022-08-26
2023-03-06,Cape Fear,1991,https://boxd.it/3WDprv,3.5,,,2022-09-02
2023-03-06,Primal Fear,1996,https://boxd.it/3WDprl,3.5,,,2022-09-03
2023-03-06,The Ballad of Buster Scruggs,2018,https://boxd.it/3WDprb,2.5,,,2022-09-06
2023-03-06,Awakenings,1990,https://boxd.it/3WDpr1,4,,,2022-09-08
2023-03-06,Donnie Brasco,1997,https://boxd.it/3WDpqR,3.5,,,2022-09-09
2023-03-06,A Time to Kill,1996,https://boxd.it/3WDpqx,2,,,2022-09-10
2023-03-06,Heat,1995,https://boxd.it/3WDpqn,4.5,,,2022-09-11
2023-03-06,A Beautiful Mind,2001,https://boxd.it/3WDppJ,3,,,2022-09-12
2023-03-06,Collateral,2004,https://boxd.it/3WDppT,3.5,,,2022-09-12
2023-03-06,Scarface,1983,https://boxd.it/3WDppz,4,,,2022-09-13
2023-03-06,Mank,2020,https://boxd.it/3WDppp,3,,,2022-09-17
2023-03-06,The Menu,2022,https://boxd.it/3WDppf,4.5,,,2022-11-19
2023-03-06,Avatar: The Way of Water,2022,https://boxd.it/3WDpp5,2.5,,,2022-12-17
2023-03-06,Taken,2008,https://boxd.it/3WDpoV,3,,,2022-12-23
2023-03-06,The Silence of the Lambs,1991,https://boxd.it/3WDpoL,4.5,,,2022-12-24
2023-03-06,Hannibal,2001,https://boxd.it/3WDpn9,3,,,2022-12-26
2024-01-14,Glass Onion,2022,https://boxd.it/5AbMmb,3,,,2022-12-26
2023-03-06,Capote,2005,https://boxd.it/3WDpmP,2,,,2022-12-27
2023-03-06,Jackie,2016,https://boxd.it/3WDpmZ,3,,,2022-12-27
2023-03-06,Eyes Wide Shut,1999,https://boxd.it/3WDpmF,3.5,,,2022-12-28
2023-03-06,Sicario,2015,https://boxd.it/3WDpmv,5,,,2022-12-29
2023-03-06,mid90s,2018,https://boxd.it/3WDpml,3,,,2022-12-30
2023-03-06,The Girl with the Dragon Tattoo,2011,https://boxd.it/3WDpm1,3,,,2022-12-31
2023-03-06,Sicario: Day of the Soldado,2018,https://boxd.it/3WDpmb,3,,,2022-12-31
2023-03-06,All Quiet on the Western Front,2022,https://boxd.it/3WDplR,4,,,2023-01-02
2023-03-06,Puss in Boots: The Last Wish,2022,https://boxd.it/3WDplH,5,,,2023-01-08
2023-03-06,Spider-Man: Into the Spider-Verse,2018,https://boxd.it/3WDpld,4.5,,,2023-01-14
2023-03-06,Spider-Man: No Way Home,2021,https://boxd.it/3WDpln,3,,,2023-01-14
2023-03-06,Fargo,1996,https://boxd.it/3WDpl3,4,,,2023-01-17
2023-03-06,1917,2019,https://boxd.it/3WDpkT,4,,,2023-01-21
2023-03-06,Her,2013,https://boxd.it/3WDpkJ,3.5,,,2023-01-23
2023-03-06,The Banshees of Inisherin,2022,https://boxd.it/3WDpkz,4,,,2023-02-06
2023-03-06,Brothers,2009,https://boxd.it/3WDpkp,3,,,2023-02-12
2023-03-06,Maleficent,2014,https://boxd.it/3WDpkf,2.5,,,2023-02-15
2023-03-06,Don't Breathe,2016,https://boxd.it/3WDpjV,3,,,2023-02-18
2023-03-06,Babylon,2022,https://boxd.it/3WDpk5,3.5,,,2023-02-18
2023-03-06,Requiem for a Dream,2000,https://boxd.it/3WDpjL,4,,,2023-02-20
2023-03-06,12 Angry Men,1957,https://boxd.it/3WDpjB,4.5,,,2023-02-21
2023-03-06,Creed,2015,https://boxd.it/3WDpjr,2.5,,,2023-02-25
2023-03-06,Decision to Leave,2022,https://boxd.it/3WDpjh,4,,,2023-03-04
2024-01-14,John Wick: Chapter 3 – Parabellum,2019,https://boxd.it/5AbMkf,3,,,2023-03-11
2024-01-14,BlacKkKlansman,2018,https://boxd.it/5AbMkp,3.5,,,2023-03-11
2024-01-14,About Time,2013,https://boxd.it/5AbMjL,4,,,2023-03-12
2024-01-14,TÁR,2022,https://boxd.it/5AbMjB,2,,,2023-03-15
2024-01-14,John Wick: Chapter 4,2023,https://boxd.it/5AbMjr,3,,,2023-03-29
2024-01-14,Apocalypse Now,1979,https://boxd.it/5AbMiX,4.5,,,2023-04-03
2024-01-14,Léon: The Professional,1994,https://boxd.it/5AbMiN,4,,,2023-04-05
2024-01-14,One Flew Over the Cuckoo's Nest,1975,https://boxd.it/5AbMiD,4,,,2023-04-07
2024-01-14,Dungeons & Dragons: Honor Among Thieves,2023,https://boxd.it/5AbMit,5,,,2023-04-14
2024-01-14,Oppenheimer,2023,https://boxd.it/5AbMi9,2.5,,,2023-07-28
2024-01-14,Barbie,2023,https://boxd.it/5AbMij,4,,,2023-07-28
2024-01-14,Bullet Train,2022,https://boxd.it/5AbMhl,5,,,2023-08-04
2024-01-14,American Hustle,2013,https://boxd.it/5AbMhv,3,,,2023-08-04
2024-01-14,Guy Ritchie's The Covenant,2023,https://boxd.it/5AbMhF,3,,,2023-08-04
2024-01-14,Extraction 2,2023,https://boxd.it/5AbMhb,3.5,,,2023-08-05
2024-01-14,A Quiet Place,2018,https://boxd.it/5AbMh1,3.5,,,2023-08-07
2024-01-14,Prisoners,2013,https://boxd.it/5AbMgR,4.5,,,2023-08-15
2024-01-14,Cube,1997,https://boxd.it/5AbMgH,2.5,,,2023-09-15
2024-01-14,The Others,2001,https://boxd.it/5AbMgx,3,,,2023-09-18
2024-01-14,X-Men: First Class,2011,https://boxd.it/5AbMgd,4,,,2023-09-25
2024-01-14,Deadpool,2016,https://boxd.it/5AbMgn,4,,,2023-09-25
2024-01-14,X-Men: Days of Future Past,2014,https://boxd.it/5AbMeB,3.5,,,2023-09-26
2024-01-14,X-Men: The Last Stand,2006,https://boxd.it/5AbMdN,2.5,,,2023-09-27
2024-01-14,X2,2003,https://boxd.it/5AbMdX,3,,,2023-09-27
2024-01-14,X-Men,2000,https://boxd.it/5AbMe7,3,,,2023-09-27
2024-01-14,X-Men Origins: Wolverine,2009,https://boxd.it/5AbMeh,2,,,2023-09-27
2024-01-14,The Wolverine,2013,https://boxd.it/5AbMdD,3,,,2023-09-28
2024-01-14,Dark Phoenix,2019,https://boxd.it/5AbMdj,1.5,,,2023-09-29
2024-01-14,X-Men: Apocalypse,2016,https://boxd.it/5AbMdt,2.5,,,2023-09-29
2024-01-14,Deadpool 2,2018,https://boxd.it/5AbMcZ,4,,,2023-09-30
2024-01-14,Logan,2017,https://boxd.it/5AbMcP,2,,,2023-10-02
2024-01-14,Paperman,2012,https://boxd.it/5AbMcv,3.5,,,2023-10-14
2024-01-14,The Grand Budapest Hotel,2014,https://boxd.it/5AbMcF,4.5,,,2023-10-14
2024-01-14,Black Swan,2010,https://boxd.it/5AbMcl,4,,,2023-10-15
2024-01-14,Little Rose,2010,https://boxd.it/5AbMcb,2.5,,,2023-10-31
2024-01-14,"Three Billboards Outside Ebbing, Missouri",2017,https://boxd.it/5AbMc1,4,,,2023-11-03
2024-01-14,Murder on the Orient Express,2017,https://boxd.it/5AbMbH,2.5,,,2023-11-05
2024-01-14,The Fly,1986,https://boxd.it/5AbMbn,3,,,2023-11-07
2024-01-14,Kingdom of Heaven,2005,https://boxd.it/5AbMbd,3.5,,,2023-11-08
2024-01-14,The Killer,2023,https://boxd.it/5AbMaT,4,,,2023-11-10
2024-01-14,Nomadland,2020,https://boxd.it/5AbMb3,3.5,,,2023-11-10
2024-01-14,Se7en,1995,https://boxd.it/5AbMaz,4.5,Yes,,2023-11-11
2024-01-14,Free Guy,2021,https://boxd.it/5AbMaJ,4,,,2023-11-11
2024-01-14,Bad Times at the El Royale,2018,https://boxd.it/5AbMap,3.5,,,2023-11-17
2024-01-14,No One Will Save You,2023,https://boxd.it/5AbMaf,2,,,2023-11-21
2024-01-14,Prometheus,2012,https://boxd.it/5AbMa5,3,,,2023-11-24
2024-01-14,Jojo Rabbit,2019,https://boxd.it/5AbM9r,4,,,2023-11-25
2024-01-14,A Haunting in Venice,2023,https://boxd.it/5AbM9h,3,,,2023-11-28
2024-01-14,Death on the Nile,2022,https://boxd.it/5AbM97,1.5,,,2023-12-02
2024-01-14,Road to Perdition,2002,https://boxd.it/5AbM8X,4,,,2023-12-08
2024-01-14,The Last King of Scotland,2006,https://boxd.it/5AbM8N,4,,,2023-12-09
2024-01-14,Braveheart,1995,https://boxd.it/5AbM8t,4,,,2023-12-10
2024-01-14,"The French Dispatch of the Liberty, Kansas Evening Sun",2021,https://boxd.it/5AbM8D,2,,,2023-12-10
2024-01-14,"Good Morning, Vietnam",1987,https://boxd.it/5AbM8j,3.5,,,2023-12-11
2024-01-14,Alien³,1992,https://boxd.it/5AbM7Z,2,,,2023-12-13
2024-01-14,The Drop,2014,https://boxd.it/5AbM89,5,,,2023-12-13
2024-01-14,Killers of the Flower Moon,2023,https://boxd.it/5AbM7F,3,,,2023-12-15
2024-01-14,Rogue One: A Star Wars Story,2016,https://boxd.it/5AbM7P,3,,,2023-12-15
2024-01-14,Wonka,2023,https://boxd.it/5AbM7v,2.5,,,2023-12-20
2024-01-14,Afterimage,2016,https://boxd.it/5AbM7b,2.5,,,2023-12-22
2024-01-14,Hamilton,2020,https://boxd.it/5AbM7l,4.5,,,2023-12-22
2024-01-14,Silent Night,2017,https://boxd.it/5AbM71,4,,,2023-12-23
2024-01-14,Shoplifters,2018,https://boxd.it/5AbM6R,3.5,,,2023-12-25
2024-01-14,Inside Out,2015,https://boxd.it/5AbM6x,4,,,2023-12-26
2024-01-14,The Big Short,2015,https://boxd.it/5AbM6H,4,,,2023-12-26
2024-01-14,Dream Scenario,2023,https://boxd.it/5AbM6d,3.5,,,2024-01-05
2024-01-14,Ferrari,2023,https://boxd.it/5AbM6n,3,,,2024-01-05
2024-01-14,Kung Fu Panda,2008,https://boxd.it/5AbM63,4,,,2024-01-06
2024-01-14,Kung Fu Panda 2,2011,https://boxd.it/5AbM5J,4.5,,,2024-01-07
2024-01-14,Kung Fu Panda 3,2016,https://boxd.it/5AbM5z,3,,,2024-01-11
2024-01-14,How to Train Your Dragon,2010,https://boxd.it/5AbM5p,4,,,2024-01-12
2024-01-18,Jujutsu Kaisen 0,2021,https://boxd.it/5CmMS7,3,,,2024-01-17
2024-01-18,Turning Red,2022,https://boxd.it/5Cy8qr,4,,,2024-01-17
2024-01-23,Shutter Island,2010,https://boxd.it/5Fdqdv,4.5,Yes,,2024-01-23
2024-01-25,Rango,2011,https://boxd.it/5G7LGl,2.5,,,2024-01-25
2024-01-27,Edward Scissorhands,1990,https://boxd.it/5GZ83n,4,,,2024-01-27
2024-01-30,Poor Things,2023,https://boxd.it/5IzB33,3,,,2024-01-29
2024-01-30,The Holdovers,2023,https://boxd.it/5IzCWj,4,,,2024-01-29
2024-01-30,The Nice Guys,2016,https://boxd.it/5IG123,3.5,,,2024-01-30
2024-02-03,Argylle,2024,https://boxd.it/5Ka33V,2.5,,,2024-02-02
2024-03-05,Anatomy of a Fall,2023,https://boxd.it/5YGfap,4.5,,,2024-03-04
2024-03-08,The Unbearable Weight of Massive Talent,2022,https://boxd.it/5ZRpQr,3,,,2024-03-07
2024-03-09,Dune: Part Two,2024,https://boxd.it/60spEz,5,,,2024-03-09
2024-03-11,Hoodwinked!,2005,https://boxd.it/61wCBZ,5,Yes,,2024-03-10
2024-03-13,RRRrrrr!!!,2004,https://boxd.it/62vTIZ,3,,,2024-03-13
2024-03-14,Kung Fu Panda 4,2024,https://boxd.it/62PmtR,3.5,,,2024-03-13
2024-04-04,Road House,2024,https://boxd.it/6cEpxl,3.5,,,2024-04-03
2024-04-05,The Whale,2022,https://boxd.it/6d2sbZ,3.5,,,2024-04-04
2024-04-10,Nope,2022,https://boxd.it/6fqnDF,2,,,2024-04-10
2024-04-12,Belfast,2021,https://boxd.it/6fYy2N,3,,,2024-04-11
2024-04-18,Hacksaw Ridge,2016,https://boxd.it/6iu9Ih,3.5,,,2024-04-17
2024-04-18,The Thomas Crown Affair,1968,https://boxd.it/6iuzh7,3,,,2024-04-18
2024-04-20,Red Rocket,2021,https://boxd.it/6j7MJh,3,,,2024-04-19
2024-04-26,Civil War,2024,https://boxd.it/6loVjz,3,,,2024-04-25
2024-04-28,Midnight Express,1978,https://boxd.it/6moF35,3.5,,,2024-04-27
2024-04-30,"The Good, the Bad and the Ugly",1966,https://boxd.it/6nlMdT,4.5,,,2024-04-29
2024-05-01,Raging Bull,1980,https://boxd.it/6nEp3f,3,,,2024-04-30
2024-05-01,For a Few Dollars More,1965,https://boxd.it/6nKTpx,4,,,2024-04-30
2024-05-16,The Fall Guy,2024,https://boxd.it/6tOrd1,3.5,,,2024-05-15
2024-05-17,Challengers,2024,https://boxd.it/6u5CrR,3,,,2024-05-16
2024-05-20,The Death of Stalin,2017,https://boxd.it/6vfzJx,3.5,,,2024-05-19
2024-05-21,Suspiria,1977,https://boxd.it/6vWAO5,4,,,2024-05-21
2024-05-23,Hit Man,2023,https://boxd.it/6wznmb,3,,,2024-05-22
2024-05-23,Hit Man,2023,https://boxd.it/6wzs1n,3.5,Yes,,2024-05-22
2024-05-24,La La Land,2016,https://boxd.it/6x881n,4,,,2024-05-24
2024-05-25,Blow Out,1981,https://boxd.it/6xoyMr,3,,,2024-05-24
2024-05-25,Bones and All,2022,https://boxd.it/6xu03z,4.5,,,2024-05-24
2024-05-29,Furiosa: A Mad Max Saga,2024,https://boxd.it/6zayVt,4,,,2024-05-28
2024-05-29,Gladiator,2000,https://boxd.it/6zj0Bn,5,Yes,,2024-05-28
2024-06-03,Godzilla Minus One,2023,https://boxd.it/6BmS0z,3,,,2024-06-03
2024-08-02,The Bourne Identity,2002,https://boxd.it/70xZz9,4,,,2024-08-01
2024-08-02,Deadpool & Wolverine,2024,https://boxd.it/70y021,2.5,,,2024-08-01
2024-10-06,Drunken Master,1978,https://boxd.it/7tVbqv,3,,,2024-10-05
2024-10-07,Talk to Me,2022,https://boxd.it/7uyKHz,4,,,2024-10-06
2024-10-08,Joker: Folie à Deux,2024,https://boxd.it/7uUgAx,3,,,2024-10-07
2024-10-17,Barbarian,2022,https://boxd.it/7zopqH,3.5,,,2024-10-16
2024-10-18,The Gentlemen,2019,https://boxd.it/7zRcn9,4.5,,,2024-10-17
2024-10-23,Operation Fortune: Ruse de Guerre,2023,https://boxd.it/7Cy0tj,2.5,,,2024-10-22
2024-10-23,Wrath of Man,2021,https://boxd.it/7CBvJX,4,,,2024-10-23
2024-10-25,Candyman,2021,https://boxd.it/7DsXTn,3,,,2024-10-24
2024-10-26,The Beekeeper,2024,https://boxd.it/7DYPnn,0.5,,,2024-10-26
2024-10-27,It,2017,https://boxd.it/7EyejP,3,,,2024-10-27
2024-10-28,The Black Phone,2021,https://boxd.it/7FbkVX,3,,,2024-10-27
2024-10-29,Megalopolis,2024,https://boxd.it/7FCqC7,1,,,2024-10-28
2024-10-30,GoodFellas,1990,https://boxd.it/7Gb3v3,4,,,2024-10-29
2024-11-04,Hereditary,2018,https://boxd.it/7J3Gpz,3.5,,,2024-11-04
2024-11-07,The Substance,2024,https://boxd.it/7KjKMt,3.5,,,2024-11-06
2024-11-20,A Real Pain,2024,https://boxd.it/7QJxfH,3,,,2024-11-19
2024-11-20,Conclave,2024,https://boxd.it/7QJxpx,4,,,2024-11-19
2024-11-20,American Fiction,2023,https://boxd.it/7QTRSp,4,,,2024-11-19
2024-11-22,Gladiator II,2024,https://boxd.it/7RA9XV,2.5,,,2024-11-21
2024-12-03,Anora,2024,https://boxd.it/7Xnf1V,4,,,2024-12-02
2024-12-13,Heretic,2024,https://boxd.it/82e7yf,3.5,,,2024-12-12
2024-12-21,Secret Level - Dungeons & Dragons: The Queen's Cradle,2024,https://boxd.it/86H4IP,3,,,2024-12-21
2024-12-21,Secret Level - Sifu: It Takes a Life,2024,https://boxd.it/86H5sN,3.5,,,2024-12-21
2024-12-21,Secret Level - New World: The Once and Future King,2024,https://boxd.it/86H5U3,3.5,,,2024-12-21
2024-12-21,Secret Level - Unreal Tournament: Xan,2024,https://boxd.it/86H6lt,4,,,2024-12-21
2024-12-21,"Secret Level - Warhammer 40,000: And They Shall Know No Fear",2024,https://boxd.it/86H6yn,4.5,,,2024-12-21
2024-12-21,Secret Level - PAC-MAN: Circle,2024,https://boxd.it/86H6M5,3.5,,,2024-12-21
2024-12-21,Secret Level - Crossfire: Good Conflict,2024,https://boxd.it/86H76T,3,,,2024-12-21
2024-12-21,Secret Level - Armored Core: Asset Management,2024,https://boxd.it/86H7qJ,4,,,2024-12-21
2024-12-22,Secret Level - The Outer Worlds: The Company We Keep,2024,https://boxd.it/87jf8T,3.5,,,2024-12-22
2024-12-22,Secret Level - Mega Man: Start,2024,https://boxd.it/87jsiR,2.5,,,2024-12-22
2024-12-22,Secret Level - Exodus: Odyssey,2024,https://boxd.it/87jXyr,3,,,2024-12-22
2024-12-22,Secret Level - Spelunky: Tally,2024,https://boxd.it/87kcjB,2.5,,,2024-12-22
2024-12-22,Secret Level - Concord: Tale of the Implacable,2024,https://boxd.it/87kKHH,3,,,2024-12-22
2024-12-22,Secret Level - Honor of Kings: The Way of All Things,2024,https://boxd.it/87lgPN,3.5,,,2024-12-22
2024-12-22,Secret Level - Playtime: Fulfillment,2024,https://boxd.it/87lBL3,2.5,,,2024-12-22
2025-01-09,The Bourne Supremacy,2004,https://boxd.it/8nwvYL,3.5,,,2025-01-08
2025-01-31,Dirty Grandpa,2016,https://boxd.it/8G0CpZ,3,,,2025-01-31
2025-02-13,The Brutalist,2024,https://boxd.it/8Oxe39,4.5,,,2025-02-12
2025-02-25,The Incredible Hulk,2008,https://boxd.it/8WLl7H,3,,,2025-02-24
2025-02-25,Thor,2011,https://boxd.it/8WLlnl,3,,,2025-02-24
2025-02-26,Thor: The Dark World,2013,https://boxd.it/8X8uGn,2.5,,,2025-02-25
2025-02-26,Guardians of the Galaxy,2014,https://boxd.it/8Xknrp,4,,,2025-02-25
2025-02-27,Avengers: Age of Ultron,2015,https://boxd.it/8XInHl,2,,,2025-02-26
2025-02-27,Captain America: Civil War,2016,https://boxd.it/8XTe2b,2.5,,,2025-02-26
2025-02-28,Guardians of the Galaxy Vol. 2,2017,https://boxd.it/8Ym6iX,3.5,,,2025-02-27
2025-03-01,Thor: Ragnarok,2017,https://boxd.it/8YSgtP,4,,,2025-02-28
2025-03-02,Black Panther,2018,https://boxd.it/8ZDcsR,3.5,,,2025-03-01
2025-03-02,Avengers: Infinity War,2018,https://boxd.it/8ZDerV,4.5,,,2025-03-01
2025-03-05,Ant-Man and the Wasp,2018,https://boxd.it/91qzPr,2.5,,,2025-03-04
2025-03-05,Captain Marvel,2019,https://boxd.it/91GNf5,3,,,2025-03-04
2025-03-07,Ready or Not,2019,https://boxd.it/92Hes5,3,,,2025-03-06
2025-03-07,Avengers: Endgame,2019,https://boxd.it/92TSXL,3.5,,,2025-03-06
2025-03-08,Spider-Man: Far From Home,2019,https://boxd.it/93eG4h,3.5,,,2025-03-07
2025-03-11,Shōgun,2024,https://boxd.it/95rGOD,4.5,,,2025-03-10
2025-03-15,Nosferatu,2024,https://boxd.it/97HUeT,2.5,,,2025-03-14
2025-03-15,Mickey 17,2025,https://boxd.it/97HUPb,3.5,,,2025-03-14
2025-03-16,Black Widow,2021,https://boxd.it/98gxlH,3,,,2025-03-15
2025-03-29,Shang-Chi and the Legend of the Ten Rings,2021,https://boxd.it/9fUAd5,3,,,2025-03-28
2025-04-05,Eternals,2021,https://boxd.it/9jPUUp,2,,,2025-04-04
2025-04-25,The Amateur,2025,https://boxd.it/9vAFGZ,2.5,,,2025-04-24
2025-04-25,Sinners,2025,https://boxd.it/9vAGlD,4.5,,,2025-04-24
2025-04-25,Loki,2021,https://boxd.it/9vJzh3,4,,,2025-04-24
2025-04-30,WandaVision,2021,https://boxd.it/9yuz41,3.5,,,2025-04-29
2025-05-05,The Falcon and the Winter Soldier,2021,https://boxd.it/9Bu8Y9,2.5,,,2025-05-04
2025-05-06,Spider-Man: No Way Home,2021,https://boxd.it/9CebNl,3.5,Yes,,2025-05-05
2025-05-06,Doctor Strange in the Multiverse of Madness,2022,https://boxd.it/9CedsT,1.5,,,2025-05-05
2025-05-06,Thor: Love and Thunder,2022,https://boxd.it/9Cn3Kh,4,,,2025-05-05
2025-05-07,Black Panther: Wakanda Forever,2022,https://boxd.it/9CNeR1,3,,,2025-05-06
2025-05-11,Guardians of the Galaxy Vol. 3,2023,https://boxd.it/9EZDs3,4.5,,,2025-05-10
2025-05-22,Black Bag,2025,https://boxd.it/9L6gqB,4,,,2025-05-21
2025-05-23,Thunderbolts*,2025,https://boxd.it/9LIoJd,3.5,,,2025-05-22
2025-05-27,Ant-Man and the Wasp: Quantumania,2023,https://boxd.it/9Ooisd,1,,,2025-05-26
2025-05-27,The Marvels,2023,https://boxd.it/9OtrVN,1,,,2025-05-26
2025-05-28,Rise of the Planet of the Apes,2011,https://boxd.it/9Pg6Cj,4,,,2025-05-27
2025-06-03,Captain America: Brave New World,2025,https://boxd.it/9Tjg31,3,,,2025-06-03
2025-06-16,Mission: Impossible – Dead Reckoning,2023,https://boxd.it/a15NuN,3.5,,,2025-06-15
2025-06-17,Ballerina,2025,https://boxd.it/a1ycwZ,3,,,2025-06-16
2025-06-17,Mission: Impossible – The Final Reckoning,2025,https://boxd.it/a1BSjf,3.5,,,2025-06-16
2025-06-18,Dawn of the Planet of the Apes,2014,https://boxd.it/a2BVit,4,,,2025-06-18
2025-06-24,War for the Planet of the Apes,2017,https://boxd.it/a6kGhn,3.5,,,2025-06-23
2025-06-29,Kingsman: The Secret Service,2014,https://boxd.it/a9srg3,4.5,,,2025-06-28
2025-06-30,Warfare,2025,https://boxd.it/aaeuR3,4.5,,,2025-06-29
2025-07-01,Nineteen Eighty-Four,1984,https://boxd.it/aaZ6NZ,3,,,2025-06-30
2025-07-03,28 Days Later,2002,https://boxd.it/ac6551,2.5,,,2025-07-02
2025-07-04,28 Weeks Later,2007,https://boxd.it/acBatz,1.5,,,2025-07-03
2025-07-05,F1,2025,https://boxd.it/adeQ3B,3.5,,,2025-07-04
2025-07-06,Kingsman: The Golden Circle,2017,https://boxd.it/aeedP1,3.5,,,2025-07-05
2025-07-08,Immaculate,2024,https://boxd.it/afQUIR,1.5,,,2025-07-08
2025-07-09,Kingdom of the Planet of the Apes,2024,https://boxd.it/aghlJJ,3,,,2025-07-08
2025-07-25,The King's Man,2021,https://boxd.it/asoq9t,3,,,2025-07-24
2025-07-29,Platoon,1986,https://boxd.it/awk3Lx,4.5,,,2025-07-28
2025-08-03,The Hunger Games,2012,https://boxd.it/aAfGoj,3.5,,,2025-08-02
2025-08-05,The Hunger Games: Catching Fire,2013,https://boxd.it/aC1hxF,4,,,2025-08-04
2025-08-07,The Hunger Games: Mockingjay – Part 1,2014,https://boxd.it/aDulct,3.5,,,2025-08-06
2025-08-09,The Hunger Games: Mockingjay – Part 2,2015,https://boxd.it/aELiUP,3,,,2025-08-08
2025-08-09,The Hunger Games: The Ballad of Songbirds & Snakes,2023,https://boxd.it/aEUiV7,3,,,2025-08-08
2025-08-12,The King's Speech,2010,https://boxd.it/aHrYfL,4,,,2025-08-12
2025-10-04,The Accountant,2016,https://boxd.it/bfDowV,3.5,,,2025-10-03
2025-10-15,Gran Torino,2008,https://boxd.it/bn9AGZ,5,Yes,,2025-10-14
