Date,Name,Year,Letterboxd URI,Rating
2023-08-05,Dungeons & Dragons: Honor Among Thieves,2023,https://boxd.it/hN1A,5
2023-08-05,Guy Ritchie's The Covenant,2023,https://boxd.it/xjcK,3
2023-08-05,Barbie,2023,https://boxd.it/bCLK,4
2023-08-05,John Wick: Chapter 4,2023,https://boxd.it/mh48,3
2023-08-05,Babylon,2022,https://boxd.it/mM02,3.5
2023-08-05,Avatar: The Way of Water,2022,https://boxd.it/2E2E,2.5
2023-08-05,Cyberpunk: Edgerunners,2022,https://boxd.it/COP4,4.5
2023-08-05,TÁR,2022,https://boxd.it/uNIA,2
2023-08-05,The Menu,2022,https://boxd.it/lScm,4.5
2023-08-05,Glass Onion,2022,https://boxd.it/oCkK,3
2023-08-05,All Quiet on the Western Front,2022,https://boxd.it/H08,4
2023-08-05,The Banshees of Inisherin,2022,https://boxd.it/p7XS,4
2023-08-05,Decision to Leave,2022,https://boxd.it/qp9e,4
2023-08-05,Top Gun: Maverick,2022,https://boxd.it/cjr4,4
2023-08-05,The Northman,2022,https://boxd.it/nK2s,3
2023-08-05,Everything Everywhere All at Once,2022,https://boxd.it/jUk4,4.5
2023-08-05,The Batman,2022,https://boxd.it/eDGs,4
2023-08-05,No Time to Die,2021,https://boxd.it/cPX2,4
2023-08-05,"tick, tick... BOOM!",2021,https://boxd.it/jz2e,4
2023-08-05,Last Night in Soho,2021,https://boxd.it/lbJC,3.5
2023-08-05,Dune,2021,https://boxd.it/fA7G,5
2023-08-05,C'mon C'mon,2021,https://boxd.it/nrI0,4
2023-08-05,Drive My Car,2021,https://boxd.it/sv94,4
2023-08-05,The Worst Person in the World,2021,https://boxd.it/oyws,5
2023-08-05,Malcolm & Marie,2021,https://boxd.it/r5cO,2.5
2023-08-05,Another Round,2020,https://boxd.it/lkba,5
2023-08-05,Knives Out,2019,https://boxd.it/jWEA,4.5
2023-08-05,The Champion,2020,https://boxd.it/vUkW,3
2023-08-05,Tenet,2020,https://boxd.it/leq4,3
2023-08-05,Mank,2020,https://boxd.it/mIuC,3
2023-08-05,The Queen's Gambit,2020,https://boxd.it/s1Ym,4.5
2023-08-05,Amateurs,2020,https://boxd.it/vGZQ,3
2023-08-05,A Life of Speed: The Juan Manuel Fangio Story,2020,https://boxd.it/pb7c,3
2023-08-05,1917,2019,https://boxd.it/jj4y,4
2023-08-05,American Hustle,2013,https://boxd.it/5dz8,3
2023-08-05,Rocketman,2019,https://boxd.it/iehK,4
2023-08-05,Once Upon a Time... in Hollywood,2019,https://boxd.it/gH0O,3.5
2023-08-05,Spider-Man: Into the Spider-Verse,2018,https://boxd.it/azpY,4.5
2023-08-05,John Wick: Chapter 3 – Parabellum,2019,https://boxd.it/gmFw,3
2023-08-05,Chernobyl,2019,https://boxd.it/mkbG,4.5
2023-08-05,"Love, Death & Robots: Three Robots",2019,https://boxd.it/lECK,4.5
2023-08-05,Vice,2018,https://boxd.it/fcFY,3
2023-08-05,The Mule,2018,https://boxd.it/idcY,3.5
2023-08-05,Uncut Gems,2019,https://boxd.it/gXGc,4
2023-08-05,Marriage Story,2019,https://boxd.it/hJAw,4
2023-08-05,The Lighthouse,2019,https://boxd.it/icFU,3.5
2023-08-05,Bohemian Rhapsody,2018,https://boxd.it/f1TK,3
2023-08-05,The King,2019,https://boxd.it/ieZs,3
2023-08-05,Bullet Train,2022,https://boxd.it/qW26,5
2023-08-06,Extraction 2,2023,https://boxd.it/q4Zo,3.5
2023-08-08,The Two Popes,2019,https://boxd.it/k8Xk,3.5
2023-08-08,Joker,2019,https://boxd.it/h4cS,4
2023-08-08,Black Bird,2022,https://boxd.it/BCSe,4.5
2023-08-08,A Quiet Place,2018,https://boxd.it/fVJQ,3.5
2023-08-08,Elvis,2022,https://boxd.it/mK4w,2
2023-08-08,The Sisterhood,2019,https://boxd.it/nhqK,1
2023-08-08,Venom,2018,https://boxd.it/b8wA,2
2023-08-08,Green Book,2018,https://boxd.it/hErk,4
2023-08-08,mid90s,2018,https://boxd.it/fxIa,3
2023-08-08,A Star Is Born,2018,https://boxd.it/aXgc,2.5
2023-08-08,The Favourite,2018,https://boxd.it/d2hI,3
2023-08-08,The Ballad of Buster Scruggs,2018,https://boxd.it/jB2q,2.5
2023-08-08,First Man,2018,https://boxd.it/cPym,3
2023-08-08,Sicario: Day of the Soldado,2018,https://boxd.it/e4fG,3
2023-08-08,Incredibles 2,2018,https://boxd.it/7IPg,3
2023-08-08,The Man Who Killed Don Quixote,2018,https://boxd.it/9rkY,2.5
2023-08-08,BlacKkKlansman,2018,https://boxd.it/hxL8,3.5
2023-08-08,Cold War,2018,https://boxd.it/fEoc,3.5
2023-08-08,The Titan,2018,https://boxd.it/h7K4,0.5
2023-08-08,Utøya: July 22,2018,https://boxd.it/i3a4,4
2023-08-08,Fanatyk,2017,https://boxd.it/hP0O,3
2023-08-08,Bright,2017,https://boxd.it/e1H8,0.5
2023-08-08,Phantom Thread,2017,https://boxd.it/e4uc,3.5
2023-08-08,Wheelman,2017,https://boxd.it/gSIM,0.5
2023-08-08,Blade Runner 2049,2017,https://boxd.it/b8wK,4
2023-08-08,Lady Bird,2017,https://boxd.it/dGNE,4
2023-08-08,Williams,2017,https://boxd.it/gEqE,3.5
2023-08-08,Dunkirk,2017,https://boxd.it/d0Y6,3.5
2023-08-08,Loving Vincent,2017,https://boxd.it/biIQ,3
2023-08-08,Pirates of the Caribbean: Dead Men Tell No Tales,2017,https://boxd.it/5a9m,2.5
2023-08-08,The Killing of a Sacred Deer,2017,https://boxd.it/dZ5G,4.5
2023-08-08,Going in Style,2017,https://boxd.it/bSKS,3
2023-08-08,Baby Driver,2017,https://boxd.it/bhF2,3.5
2023-08-08,The Lego Batman Movie,2017,https://boxd.it/azp0,3
2023-08-08,John Wick: Chapter 2,2017,https://boxd.it/ayGu,3.5
2023-08-08,Get Out,2017,https://boxd.it/eOCm,4.5
2023-08-08,Icarus,2017,https://boxd.it/fmje,2.5
2023-08-08,Fantastic Beasts and Where to Find Them,2016,https://boxd.it/7FPC,2.5
2023-08-08,Doctor Strange,2016,https://boxd.it/8MH8,2.5
2023-08-08,Split,2016,https://boxd.it/dgSy,3
2023-08-08,The Invisible Guest,2016,https://boxd.it/euce,4
2023-08-08,Jackie,2016,https://boxd.it/d6bu,3
2023-08-08,Moonlight,2016,https://boxd.it/d6bE,3
2023-08-08,Nocturnal Animals,2016,https://boxd.it/bkFu,4
2023-08-08,Arrival,2016,https://boxd.it/aNGk,3.5
2023-08-08,Suicide Squad,2016,https://boxd.it/9row,1.5
2023-08-08,Your Name.,2016,https://boxd.it/cUqs,4
2023-08-08,Warcraft,2016,https://boxd.it/2czK,1.5
2023-08-08,Don't Breathe,2016,https://boxd.it/9yzw,3
2023-08-08,Perfect Strangers,2016,https://boxd.it/dgVi,3.5
2023-08-08,Manchester by the Sea,2016,https://boxd.it/b2L0,5
2023-08-08,The Revenant,2015,https://boxd.it/8H5e,3.5
2023-08-08,Star Wars: The Force Awakens,2015,https://boxd.it/4vru,3
2023-08-08,Creed,2015,https://boxd.it/a2qk,2.5
2023-08-08,BPM (Beats per Minute),2017,https://boxd.it/g796,3
2023-08-08,Star Wars: The Last Jedi,2017,https://boxd.it/5xme,3
2023-08-08,Intrusion,2021,https://boxd.it/txCa,1
2023-08-08,The Power of the Dog,2021,https://boxd.it/m99E,3
2023-08-08,Don't Look Up,2021,https://boxd.it/o0Hc,3
2023-08-15,Prisoners,2013,https://boxd.it/4E5i,4.5
2023-09-16,Cube,1997,https://boxd.it/2aoU,2.5
2023-09-19,The Others,2001,https://boxd.it/27Po,3
2023-09-26,Deadpool,2016,https://boxd.it/9fOC,4
2023-09-26,X-Men: First Class,2011,https://boxd.it/FOA,4
2023-09-26,X-Men: Days of Future Past,2014,https://boxd.it/4aRw,3.5
2023-09-28,X-Men Origins: Wolverine,2009,https://boxd.it/27ug,2
2023-09-28,X-Men,2000,https://boxd.it/1a7s,3
2023-09-28,X2,2003,https://boxd.it/1a7i,3
2023-09-28,X-Men: The Last Stand,2006,https://boxd.it/1a5Q,2.5
2023-09-28,The Wolverine,2013,https://boxd.it/2CWU,3
2023-09-29,X-Men: Apocalypse,2016,https://boxd.it/7eJi,2.5
2023-09-30,Dark Phoenix,2019,https://boxd.it/anyO,1.5
2023-09-30,Deadpool 2,2018,https://boxd.it/dlLM,4
2023-10-03,The Last Duel,2021,https://boxd.it/mQbe,2.5
2023-10-03,Sweat,2020,https://boxd.it/qEtI,3
2023-10-03,Corpus Christi,2019,https://boxd.it/gULy,4
2023-10-03,Ford v Ferrari,2019,https://boxd.it/ce74,2.5
2023-10-03,Logan,2017,https://boxd.it/7Piy,2
2023-10-14,The Grand Budapest Hotel,2014,https://boxd.it/3ZqO,4.5
2023-10-15,Black Swan,2010,https://boxd.it/Sw0,4
2023-10-16,Paperman,2012,https://boxd.it/4uYW,3.5
2023-11-01,Little Rose,2010,https://boxd.it/OCy,2.5
2023-11-03,"Three Billboards Outside Ebbing, Missouri",2017,https://boxd.it/ceBS,4
2023-11-05,Murder on the Orient Express,2017,https://boxd.it/dHjA,2.5
2023-11-05,Death to 2021,2021,https://boxd.it/yj28,2
2023-11-05,Death to 2020,2020,https://boxd.it/t4EQ,2.5
2023-11-05,Out of Tune,2019,https://boxd.it/l3N2,2.5
2023-11-05,Star Wars: The Rise of Skywalker,2019,https://boxd.it/5xlK,2.5
2023-11-05,Back Home,2019,https://boxd.it/lqRQ,2.5
2023-11-05,The Marshal,2019,https://boxd.it/l97Q,2
2023-11-05,Apples,2020,https://boxd.it/ofco,3
2023-11-05,Hurricane,2018,https://boxd.it/ikdE,2.5
2023-11-05,303 Squadron,2018,https://boxd.it/fgOK,1
2023-11-05,Patrick Melrose,2018,https://boxd.it/j1Pc,3.5
2023-11-05,Bao,2018,https://boxd.it/iEl4,3.5
2023-11-05,Under the Tree,2017,https://boxd.it/gWWI,3
2023-11-05,Diana: In Her Own Words,2017,https://boxd.it/gQl2,3
2023-11-05,Winter Brothers,2017,https://boxd.it/gGTo,2
2023-11-05,Spider-Man: Homecoming,2017,https://boxd.it/aboM,2.5
2023-11-05,Cars 3,2017,https://boxd.it/7IPq,2.5
2023-11-05,The Divine Order,2017,https://boxd.it/fu0E,2.5
2023-11-05,The Shack,2017,https://boxd.it/bAKK,1.5
2023-11-05,Louise by the Shore,2016,https://boxd.it/eBgC,2.5
2023-11-05,Spectre,2015,https://boxd.it/6bXY,3
2023-11-05,Born to Be Blue,2015,https://boxd.it/aGYG,3
2023-11-05,The Martian,2015,https://boxd.it/8SeG,3
2023-11-05,Steve Jobs,2015,https://boxd.it/araG,2
2023-11-05,Everest,2015,https://boxd.it/7r7Q,3
2023-11-05,Mission: Impossible – Rogue Nation,2015,https://boxd.it/5rI4,3
2023-11-05,Ant-Man,2015,https://boxd.it/3vmW,2
2023-11-05,Macbeth,2015,https://boxd.it/6FE8,0.5
2023-11-05,The Lobster,2015,https://boxd.it/7tnw,4
2023-11-05,Mad Max: Fury Road,2015,https://boxd.it/2DjO,3
2023-11-05,Southpaw,2015,https://boxd.it/9Phu,2.5
2023-11-05,Furious 7,2015,https://boxd.it/5cVs,2.5
2023-11-05,Carte Blanche,2015,https://boxd.it/brIA,2.5
2023-11-05,The Witch,2015,https://boxd.it/9X0m,3.5
2023-11-05,Ex Machina,2015,https://boxd.it/7T2k,3
2023-11-05,Exodus: Gods and Kings,2014,https://boxd.it/4FV0,2
2023-11-05,Unbroken,2014,https://boxd.it/6IaA,2.5
2023-11-05,American Sniper,2014,https://boxd.it/5LDy,3
2023-11-05,Fury,2014,https://boxd.it/6JwC,3.5
2023-11-05,Gods,2014,https://boxd.it/9s3O,2.5
2023-11-05,Gone Girl,2014,https://boxd.it/6hQu,2
2023-11-05,John Wick,2014,https://boxd.it/7dEc,3.5
2023-11-05,The Maze Runner,2014,https://boxd.it/5YPM,2.5
2023-11-05,The Theory of Everything,2014,https://boxd.it/7YtA,2.5
2023-11-05,The Imitation Game,2014,https://boxd.it/6aig,3
2023-11-05,Birdman or (The Unexpected Virtue of Ignorance),2014,https://boxd.it/5RFA,3
2023-11-05,Terror in Resonance,2014,https://boxd.it/py6m,4
2023-11-05,Transformers: Age of Extinction,2014,https://boxd.it/3d1m,1.5
2023-11-05,Maleficent,2014,https://boxd.it/3v1u,2.5
2023-11-05,Edge of Tomorrow,2014,https://boxd.it/4pD0,2.5
2023-11-05,God's Not Dead,2014,https://boxd.it/7jAg,1
2023-11-05,Captain America: The Winter Soldier,2014,https://boxd.it/3r58,2.5
2023-11-05,Brides,2014,https://boxd.it/7DRc,2.5
2023-11-05,Whiplash,2014,https://boxd.it/7bQA,4
2023-11-05,The Wolf of Wall Street,2013,https://boxd.it/3C1m,3.5
2023-11-05,The Hobbit: The Desolation of Smaug,2013,https://boxd.it/nmS,1
2023-11-05,Lone Survivor,2013,https://boxd.it/5Qj4,2.5
2023-11-05,Her,2013,https://boxd.it/4O24,3.5
2023-11-05,Captain Phillips,2013,https://boxd.it/3GPK,2.5
2023-11-05,Filth,2013,https://boxd.it/32NY,2.5
2023-11-05,Rush,2013,https://boxd.it/3lyS,3
2023-11-05,Locke,2013,https://boxd.it/6hHC,3.5
2023-11-05,Gravity,2013,https://boxd.it/GZY,3.5
2023-11-05,The Butler,2013,https://boxd.it/4iti,2.5
2023-11-05,Percy Jackson: Sea of Monsters,2013,https://boxd.it/2D8m,2
2023-11-05,Blue Jasmine,2013,https://boxd.it/50MI,2.5
2023-11-05,Sharknado,2013,https://boxd.it/69Qc,0.5
2023-11-05,About Time,2013,https://boxd.it/43bI,4
2023-11-05,After Earth,2013,https://boxd.it/2TSg,0.5
2023-11-05,The Great Beauty,2013,https://boxd.it/5ty6,3
2023-11-05,Now You See Me,2013,https://boxd.it/2Bsu,2.5
2023-11-05,Fast & Furious 6,2013,https://boxd.it/2UG6,2.5
2023-11-05,The Great Gatsby,2013,https://boxd.it/JY,3
2023-11-05,Iron Man 3,2013,https://boxd.it/2cBQ,2.5
2023-11-05,The Blue Umbrella,2013,https://boxd.it/61Wm,3.5
2023-11-05,The Best Offer,2013,https://boxd.it/4Oh4,3
2023-11-05,The Hobbit: An Unexpected Journey,2012,https://boxd.it/GZk,1.5
2023-11-05,Skyfall,2012,https://boxd.it/17Fc,3.5
2023-11-05,Flight,2012,https://boxd.it/35Ca,3
2023-11-05,Frances Ha,2012,https://boxd.it/41Xg,3
2023-11-05,The Hunt,2012,https://boxd.it/3wEC,4
2023-11-05,The Dictator,2012,https://boxd.it/2DEW,2
2023-11-05,Men in Black 3,2012,https://boxd.it/103U,2.5
2023-11-05,The Avengers,2012,https://boxd.it/1xFW,2.5
2023-11-05,The Girl with the Dragon Tattoo,2011,https://boxd.it/2Pa,3
2023-11-05,Mission: Impossible – Ghost Protocol,2011,https://boxd.it/psI,3
2023-11-05,Sherlock Holmes: A Game of Shadows,2011,https://boxd.it/k3S,2
2023-11-05,The Intouchables,2011,https://boxd.it/2FT0,4
2023-11-05,Tinker Tailor Soldier Spy,2011,https://boxd.it/FRY,3.5
2023-11-05,Shame,2011,https://boxd.it/2CxU,3.5
2023-11-05,Captain America: The First Avenger,2011,https://boxd.it/28b0,2
2023-11-05,Harry Potter and the Deathly Hallows: Part 2,2011,https://boxd.it/1RYk,3.5
2023-11-05,Transformers: Dark of the Moon,2011,https://boxd.it/16aC,2.5
2023-11-05,Drive,2011,https://boxd.it/IG,3.5
2023-11-05,Midnight in Paris,2011,https://boxd.it/i4a,3
2023-11-05,Pirates of the Caribbean: On Stranger Tides,2011,https://boxd.it/27Z4,2.5
2023-11-05,Fast Five,2011,https://boxd.it/BgO,2.5
2023-11-05,The Lincoln Lawyer,2011,https://boxd.it/DRM,4
2023-11-05,True Grit,2010,https://boxd.it/Sog,3
2023-11-05,The Fighter,2010,https://boxd.it/PP4,3.5
2023-11-05,The Chronicles of Narnia: The Voyage of the Dawn Treader,2010,https://boxd.it/1WZs,2
2023-11-05,Faster,2010,https://boxd.it/ZKy,2
2023-11-05,Harry Potter and the Deathly Hallows: Part 1,2010,https://boxd.it/1RYu,3
2023-11-05,Senna,2010,https://boxd.it/kfE,4
2023-11-05,The Social Network,2010,https://boxd.it/17ue,3
2023-11-05,Toy Story 3,2010,https://boxd.it/1WRe,3
2023-11-05,Iron Man 2,2010,https://boxd.it/1WZM,2.5
2023-11-05,Shutter Island,2010,https://boxd.it/1U82,4.5
2023-11-05,Blue Valentine,2010,https://boxd.it/MxG,3
2023-11-05,Sherlock Holmes,2009,https://boxd.it/1W2A,2
2023-11-05,Avatar,2009,https://boxd.it/1Efm,2.5
2023-11-05,Brothers,2009,https://boxd.it/20WW,3
2023-11-05,2012,2009,https://boxd.it/1OE2,1.5
2023-11-05,Harry Potter and the Half-Blood Prince,2009,https://boxd.it/29FU,3
2023-11-05,Public Enemies,2009,https://boxd.it/1U8m,2.5
2023-11-05,Transformers: Revenge of the Fallen,2009,https://boxd.it/20gG,2
2023-11-05,Inglourious Basterds,2009,https://boxd.it/1JzG,4
2023-11-05,Moon,2009,https://boxd.it/1IGQ,3
2023-11-05,Quantum of Solace,2008,https://boxd.it/1Vs8,2
2023-11-05,Body of Lies,2008,https://boxd.it/1SvS,2.5
2023-11-05,Arn: The Kingdom at Road's End,2008,https://boxd.it/1PZq,2.5
2023-11-05,The Dark Knight,2008,https://boxd.it/2b0k,4
2023-11-05,Presto,2008,https://boxd.it/1QYI,3
2023-11-05,WALL·E,2008,https://boxd.it/1VEo,5
2023-11-05,The Chronicles of Narnia: Prince Caspian,2008,https://boxd.it/26Hy,2
2023-11-05,The Boy in the Striped Pyjamas,2008,https://boxd.it/1NOK,3
2023-11-05,Iron Man,2008,https://boxd.it/28dA,2.5
2023-11-05,Taken,2008,https://boxd.it/1ZXa,3
2023-11-05,The Bucket List,2007,https://boxd.it/20Ye,3
2023-11-05,I Am Legend,2007,https://boxd.it/21DG,3
2023-11-05,Hitman,2007,https://boxd.it/28sU,2
2023-11-05,American Gangster,2007,https://boxd.it/23wi,3
2023-11-05,There Will Be Blood,2007,https://boxd.it/20Z2,4
2023-11-05,Katyn,2007,https://boxd.it/1PNk,2.5
2023-11-05,The Assassination of Jesse James by the Coward Robert Ford,2007,https://boxd.it/24dG,3.5
2023-11-05,Into the Wild,2007,https://boxd.it/22m2,3
2023-11-05,Harry Potter and the Order of the Phoenix,2007,https://boxd.it/29Qe,3
2023-11-05,Transformers,2007,https://boxd.it/280c,2
2023-11-05,Ocean's Thirteen,2007,https://boxd.it/2aEy,3
2023-11-05,Pirates of the Caribbean: At World's End,2007,https://boxd.it/2aGu,2.5
2023-11-05,Shrek the Third,2007,https://boxd.it/29yY,2.5
2023-11-05,Spider-Man 3,2007,https://boxd.it/2a7Y,3
2023-11-05,Fracture,2007,https://boxd.it/220K,3
2023-11-05,Shooter,2007,https://boxd.it/20TS,2.5
2023-11-05,Zodiac,2007,https://boxd.it/27MO,4
2023-11-05,Bridge to Terabithia,2007,https://boxd.it/28YG,2.5
2023-11-05,Arthur and the Invisibles,2006,https://boxd.it/1Xm2,2.5
2023-11-05,300,2006,https://boxd.it/28XI,2.5
2023-11-05,Blood Diamond,2006,https://boxd.it/28Tm,2.5
2023-11-05,Casino Royale,2006,https://boxd.it/1alk,3.5
2023-11-05,Happy Feet,2006,https://boxd.it/1XH0,3
2023-11-05,Job: The Last Grey Cell,2006,https://boxd.it/1u7M,1
2023-11-05,The Prestige,2006,https://boxd.it/293w,3
2023-11-05,Pirates of the Caribbean: Dead Man's Chest,2006,https://boxd.it/2bfk,3
2023-11-05,The Fast and the Furious: Tokyo Drift,2006,https://boxd.it/1Yeo,3
2023-11-05,Mission: Impossible III,2006,https://boxd.it/29cI,2.5
2023-11-05,Ice Age: The Meltdown,2006,https://boxd.it/2wRk,2.5
2023-11-05,Inside Man,2006,https://boxd.it/2auS,3
2023-11-05,Cars,2006,https://boxd.it/29ho,4
2023-11-05,V for Vendetta,2005,https://boxd.it/29Ik,3
2023-11-05,"The Chronicles of Narnia: The Lion, the Witch and the Wardrobe",2005,https://boxd.it/2ark,2
2023-11-05,Harry Potter and the Goblet of Fire,2005,https://boxd.it/29Qo,3.5
2023-11-05,I Am,2005,https://boxd.it/2IwS,3
2023-11-05,Capote,2005,https://boxd.it/2atq,2
2023-11-05,The Constant Gardener,2005,https://boxd.it/27HE,3
2023-11-05,Charlie and the Chocolate Factory,2005,https://boxd.it/2b68,3
2023-11-05,Herbie Fully Loaded,2005,https://boxd.it/1TP0,1
2023-11-05,Mr. & Mrs. Smith,2005,https://boxd.it/29CG,2.5
2023-11-05,Star Wars: Episode III – Revenge of the Sith,2005,https://boxd.it/27US,3.5
2023-11-05,Jack-Jack Attack,2005,https://boxd.it/1P6q,2.5
2023-11-05,Constantine,2005,https://boxd.it/2a7E,2.5
2023-11-05,Ocean's Twelve,2004,https://boxd.it/2aZ2,3
2023-11-05,The Incredibles,2004,https://boxd.it/1XLm,5
2023-11-05,Fallen Art,2004,https://boxd.it/1rZ2,3.5
2023-11-05,Collateral,2004,https://boxd.it/28F0,3.5
2023-11-05,Spider-Man 2,2004,https://boxd.it/2a88,3.5
2023-11-05,The Terminal,2004,https://boxd.it/2a2O,2.5
2023-11-05,Harry Potter and the Prisoner of Azkaban,2004,https://boxd.it/29Qy,3.5
2023-11-05,Shrek 2,2004,https://boxd.it/29z8,3.5
2023-11-05,Troy,2004,https://boxd.it/29TW,2.5
2023-11-05,Kill Bill: Vol. 2,2004,https://boxd.it/2au4,3.5
2023-11-05,The Passion of the Christ,2004,https://boxd.it/29ZK,3
2023-11-05,The Lord of the Rings: The Return of the King,2003,https://boxd.it/2b5u,4
2023-11-05,Kill Bill: Vol. 1,2003,https://boxd.it/70w,4
2023-11-05,Lost in Translation,2003,https://boxd.it/2b0E,3.5
2023-11-05,2 Fast 2 Furious,2003,https://boxd.it/2a4g,3
2023-11-05,Finding Nemo,2003,https://boxd.it/72i,3.5
2023-11-05,Bruce Almighty,2003,https://boxd.it/2aCC,2.5
2023-11-05,Mystic River,2003,https://boxd.it/2aAG,3.5
2023-11-05,The Lord of the Rings: The Two Towers,2002,https://boxd.it/2b5E,4
2023-11-05,Harry Potter and the Chamber of Secrets,2002,https://boxd.it/29QI,3.5
2023-11-05,Red Dragon,2002,https://boxd.it/1Yrs,2.5
2023-11-05,8 Mile,2002,https://boxd.it/2bew,3
2023-11-05,Day of the Wacko,2002,https://boxd.it/1D0A,3.5
2023-11-05,Men in Black II,2002,https://boxd.it/2a0y,2.5
2023-11-05,The Pianist,2002,https://boxd.it/2aqc,3.5
2023-11-05,Spirit: Stallion of the Cimarron,2002,https://boxd.it/1Zmo,5
2023-11-05,Star Wars: Episode II – Attack of the Clones,2002,https://boxd.it/27V2,2.5
2023-11-06,Madagascar,2005,https://boxd.it/29dc,2.5
2023-11-06,Spider-Man,2002,https://boxd.it/2a8i,3.5
2023-11-06,The Cathedral,2002,https://boxd.it/1L4g,3.5
2023-11-06,Ice Age,2002,https://boxd.it/2apS,3.5
2023-11-06,A Beautiful Mind,2001,https://boxd.it/2amk,3
2023-11-06,The Lord of the Rings: The Fellowship of the Ring,2001,https://boxd.it/2b5O,4
2023-11-06,Ocean's Eleven,2001,https://boxd.it/2aZm,3.5
2023-11-06,Harry Potter and the Philosopher's Stone,2001,https://boxd.it/29QS,3.5
2023-11-06,"Monsters, Inc.",2001,https://boxd.it/2a46,3.5
2023-11-06,Band of Brothers,2001,https://boxd.it/aRNY,4
2023-11-06,The Fast and the Furious,2001,https://boxd.it/1XMu,2.5
2023-11-06,Shrek,2001,https://boxd.it/29zi,5
2023-11-06,Hannibal,2001,https://boxd.it/1XVc,3
2023-11-06,Enemy at the Gates,2001,https://boxd.it/29s2,3
2023-11-06,Snatch,2000,https://boxd.it/2b7U,3
2023-11-06,Mission: Impossible II,2000,https://boxd.it/29cS,3
2023-11-06,Requiem for a Dream,2000,https://boxd.it/29VI,4
2023-11-06,American Psycho,2000,https://boxd.it/28Vs,4
2023-11-06,The Talented Mr. Ripley,1999,https://boxd.it/2924,3.5
2023-11-06,"Girl, Interrupted",1999,https://boxd.it/25ds,3.5
2023-11-06,The Green Mile,1999,https://boxd.it/2agG,4
2023-11-06,Sleepy Hollow,1999,https://boxd.it/26u0,2
2023-11-06,Toy Story 2,1999,https://boxd.it/29qq,4
2023-11-06,Fight Club,1999,https://boxd.it/2a9q,4.5
2023-11-06,Eyes Wide Shut,1999,https://boxd.it/2axs,3.5
2023-11-06,The Old Man and the Sea,1999,https://boxd.it/15Hg,3.5
2023-11-06,Star Wars: Episode I – The Phantom Menace,1999,https://boxd.it/27Vc,2.5
2023-11-06,The Matrix,1999,https://boxd.it/2a1m,3
2023-11-06,A Bug's Life,1998,https://boxd.it/1Yyy,3.5
2023-11-06,Saving Private Ryan,1998,https://boxd.it/29ro,4
2023-11-06,The Truman Show,1998,https://boxd.it/18U8,4
2023-11-06,The Big Lebowski,1998,https://boxd.it/2b6C,4
2023-11-06,Good Will Hunting,1997,https://boxd.it/2ahY,4
2023-11-06,Geri's Game,1997,https://boxd.it/1P6U,4
2023-11-06,Bean,1997,https://boxd.it/28WA,3
2023-11-06,Men in Black,1997,https://boxd.it/2a0I,3
2023-11-06,L.A. Confidential,1997,https://boxd.it/27oC,4
2023-11-06,Donnie Brasco,1997,https://boxd.it/1YRA,3.5
2023-11-06,A Time to Kill,1996,https://boxd.it/28pc,2
2023-11-06,Mission: Impossible,1996,https://boxd.it/29d2,3
2023-11-06,Fargo,1996,https://boxd.it/2aHM,4
2023-11-06,Primal Fear,1996,https://boxd.it/28ws,3.5
2023-11-06,Twelve Monkeys,1995,https://boxd.it/2beQ,3
2023-11-06,Heat,1995,https://boxd.it/2bg8,4.5
2023-11-06,Toy Story,1995,https://boxd.it/29qA,4.5
2023-11-06,Se7en,1995,https://boxd.it/29zs,4.5
2023-11-06,Apollo 13,1995,https://boxd.it/2a6G,4
2023-11-06,Thanks for Every New Morning,1994,https://boxd.it/447C,3
2023-11-06,The Shawshank Redemption,1994,https://boxd.it/2aHi,4.5
2023-11-06,The Mask,1994,https://boxd.it/29rS,3.5
2023-11-06,Forrest Gump,1994,https://boxd.it/728,4
2023-11-06,Pulp Fiction,1994,https://boxd.it/29Pq,4.5
2023-11-06,Scent of a Woman,1992,https://boxd.it/1YAu,4
2023-11-06,Reservoir Dogs,1992,https://boxd.it/2agc,4.5
2023-11-06,Cape Fear,1991,https://boxd.it/28vu,3.5
2023-11-06,30 Door Key,1991,https://boxd.it/3ANe,3
2023-11-06,The Silence of the Lambs,1991,https://boxd.it/2aHW,4.5
2023-11-06,The Godfather Part III,1990,https://boxd.it/2aN6,3.5
2023-11-06,Awakenings,1990,https://boxd.it/1USu,4
2023-11-06,March Caresses,1990,https://boxd.it/7eai,2.5
2023-11-06,Dead Poets Society,1989,https://boxd.it/2aSg,4
2023-11-06,Indiana Jones and the Last Crusade,1989,https://boxd.it/2baO,3.5
2023-11-06,Full Metal Jacket,1987,https://boxd.it/2a1Q,4.5
2023-11-06,The Untouchables,1987,https://boxd.it/2b6i,3.5
2023-11-06,Dirty Dancing,1987,https://boxd.it/2baY,3
2023-11-06,Indiana Jones and the Temple of Doom,1984,https://boxd.it/2bb8,3
2023-11-06,Scarface,1983,https://boxd.it/2b7g,4
2023-11-06,Return of the Jedi,1983,https://boxd.it/27Vm,4
2023-11-06,Blade Runner,1982,https://boxd.it/2bcA,3.5
2023-11-06,Rocky III,1982,https://boxd.it/28Tw,2.5
2023-11-06,Raiders of the Lost Ark,1981,https://boxd.it/2bbs,3
2023-11-06,The Empire Strikes Back,1980,https://boxd.it/27Vw,4
2023-11-06,Talking Heads,1980,https://boxd.it/GSy,4
2023-11-06,Life of Brian,1979,https://boxd.it/2a4q,4
2023-11-06,Escape from Alcatraz,1979,https://boxd.it/1Vwk,4
2023-11-06,Apocalypse Now,1979,https://boxd.it/6ZS,4.5
2023-11-06,Star Wars,1977,https://boxd.it/72s,4
2023-11-06,Taxi Driver,1976,https://boxd.it/2b8y,4
2023-11-06,One Flew Over the Cuckoo's Nest,1975,https://boxd.it/2aeA,4
2023-11-06,Monty Python and the Holy Grail,1975,https://boxd.it/29GI,4
2023-11-06,The Godfather Part II,1974,https://boxd.it/2aNq,4
2023-11-06,Chinatown,1974,https://boxd.it/29vU,4
2023-11-06,The Godfather,1972,https://boxd.it/2aNK,4.5
2023-11-06,2001: A Space Odyssey,1968,https://boxd.it/2bf0,4.5
2023-11-06,Dr. Strangelove or: How I Learned to Stop Worrying and Love the Bomb,1964,https://boxd.it/29eY,4
2023-11-06,12 Angry Men,1957,https://boxd.it/2auI,4.5
2023-11-06,Roman Holiday,1953,https://boxd.it/29zW,4
2023-11-07,The Fly,1986,https://boxd.it/1YIe,3
2023-11-09,Kingdom of Heaven,2005,https://boxd.it/28Gs,3.5
2023-11-10,Nomadland,2020,https://boxd.it/lnRy,3.5
2023-11-11,Free Guy,2021,https://boxd.it/k8dm,4
2023-11-12,The Killer,2023,https://boxd.it/u6WE,4
2023-11-15,No Country for Old Men,2007,https://boxd.it/21ew,5
2023-11-15,Inception,2010,https://boxd.it/1skk,5
2023-11-15,Interstellar,2014,https://boxd.it/4VZ8,5
2023-11-15,Sicario,2015,https://boxd.it/8i7u,5
2023-11-18,Bad Times at the El Royale,2018,https://boxd.it/fSA2,3.5
2023-11-21,No One Will Save You,2023,https://boxd.it/uUO6,2
2023-11-25,Prometheus,2012,https://boxd.it/2s9e,3
2023-11-25,Jojo Rabbit,2019,https://boxd.it/iEBG,4
2023-11-29,A Haunting in Venice,2023,https://boxd.it/zGdg,3
2023-12-03,Death on the Nile,2022,https://boxd.it/ifpg,1.5
2023-12-08,Road to Perdition,2002,https://boxd.it/24Lo,4
2023-12-09,The Last King of Scotland,2006,https://boxd.it/28FE,4
2023-12-10,"The French Dispatch of the Liberty, Kansas Evening Sun",2021,https://boxd.it/jLP8,2
2023-12-11,Braveheart,1995,https://boxd.it/2aTI,4
2023-12-11,"Good Morning, Vietnam",1987,https://boxd.it/29Aq,3.5
2023-12-13,The Drop,2014,https://boxd.it/4Rrc,5
2023-12-15,Alien³,1992,https://boxd.it/20zS,2
2023-12-15,Rogue One: A Star Wars Story,2016,https://boxd.it/aPvy,3
2023-12-22,Hamilton,2020,https://boxd.it/kmvE,4.5
2023-12-23,Afterimage,2016,https://boxd.it/evvw,2.5
2023-12-23,Silent Night,2017,https://boxd.it/hbie,4
2023-12-26,Shoplifters,2018,https://boxd.it/ifY6,3.5
2023-12-26,The Big Short,2015,https://boxd.it/ajZw,4
2023-12-27,Inside Out,2015,https://boxd.it/4KHC,4
2024-01-06,Ferrari,2023,https://boxd.it/cEtq,3
2024-01-06,Dream Scenario,2023,https://boxd.it/v2h0,3.5
2024-01-07,Kung Fu Panda,2008,https://boxd.it/1Yws,4
2024-01-08,Kung Fu Panda 2,2011,https://boxd.it/G36,4.5
2024-01-11,Kung Fu Panda 3,2016,https://boxd.it/4uRQ,3
2024-01-13,How to Train Your Dragon,2010,https://boxd.it/1WRy,4
2024-01-14,Wonka,2023,https://boxd.it/tCQm,2.5
2024-01-14,Killers of the Flower Moon,2023,https://boxd.it/gHp0,3
2024-01-14,Oppenheimer,2023,https://boxd.it/wUow,2.5
2024-01-14,Léon: The Professional,1994,https://boxd.it/2b8S,4
2024-01-14,Puss in Boots: The Last Wish,2022,https://boxd.it/aaie,5
2024-01-14,The Devil's Advocate,1997,https://boxd.it/286k,3.5
2024-01-14,Good Time,2017,https://boxd.it/fcFu,4
2024-01-14,Spencer,2021,https://boxd.it/qPMG,3
2024-01-14,The Game,1997,https://boxd.it/26vC,5
2024-01-14,A Clockwork Orange,1971,https://boxd.it/2aVE,4
2024-01-14,Catch Me If You Can,2002,https://boxd.it/29VS,3
2024-01-14,Toy Story 4,2019,https://boxd.it/9ALu,3
2024-01-14,The Shining,1980,https://boxd.it/29Nu,4.5
2024-01-14,Argo,2012,https://boxd.it/2czU,2.5
2024-01-14,Wonder Woman,2017,https://boxd.it/9roG,2
2024-01-14,Cars 2,2011,https://boxd.it/H4Y,4
2024-01-14,Nightcrawler,2014,https://boxd.it/780m,4
2024-01-14,Pirates of the Caribbean: The Curse of the Black Pearl,2003,https://boxd.it/70G,3.5
2024-01-14,The Dark Knight Rises,2012,https://boxd.it/H3m,4
2024-01-14,Batman Begins,2005,https://boxd.it/2aIg,4
2024-01-14,You Were Never Really Here,2017,https://boxd.it/dWOS,4.5
2024-01-14,Django Unchained,2012,https://boxd.it/2cCk,4.5
2024-01-18,Jujutsu Kaisen 0,2021,https://boxd.it/uvFS,3
2024-01-18,Turning Red,2022,https://boxd.it/ipkq,4
2024-01-25,Rango,2011,https://boxd.it/QPk,2.5
2024-01-27,Edward Scissorhands,1990,https://boxd.it/2aZc,4
2024-01-28,The Creator,2023,https://boxd.it/oXWq,2
2024-01-30,Poor Things,2023,https://boxd.it/tNWU,3
2024-01-30,The Holdovers,2023,https://boxd.it/vHza,4
2024-01-30,The Nice Guys,2016,https://boxd.it/94Hg,3.5
2024-01-31,Ted,2012,https://boxd.it/2pgc,3
2024-02-03,Argylle,2024,https://boxd.it/w1kk,2.5
2024-03-05,Anatomy of a Fall,2023,https://boxd.it/yuDE,4.5
2024-03-08,The Unbearable Weight of Massive Talent,2022,https://boxd.it/o6eK,3
2024-03-09,Dune: Part Two,2024,https://boxd.it/pUfA,5
2024-03-11,Hoodwinked!,2005,https://boxd.it/1UVS,5
2024-03-13,RRRrrrr!!!,2004,https://boxd.it/1BnM,3
2024-03-14,Kung Fu Panda 4,2024,https://boxd.it/CepE,3.5
2024-04-04,Road House,2024,https://boxd.it/cdzQ,3.5
2024-04-05,The Whale,2022,https://boxd.it/tw4c,3.5
2024-04-10,Nope,2022,https://boxd.it/sDCe,2
2024-04-12,Belfast,2021,https://boxd.it/tefG,3
2024-04-16,Hacksaw Ridge,2016,https://boxd.it/azew,3.5
2024-04-18,The Thomas Crown Affair,1968,https://boxd.it/29iw,3
2024-04-20,Red Rocket,2021,https://boxd.it/sGpi,3
2024-04-26,Civil War,2024,https://boxd.it/z1jW,3
2024-04-28,Midnight Express,1978,https://boxd.it/1U7I,3.5
2024-04-30,"The Good, the Bad and the Ugly",1966,https://boxd.it/2ape,4.5
2024-05-01,Raging Bull,1980,https://boxd.it/28yI,3
2024-05-01,For a Few Dollars More,1965,https://boxd.it/29eu,4
2024-05-16,The Fall Guy,2024,https://boxd.it/s0Bm,3.5
2024-05-17,Challengers,2024,https://boxd.it/zld0,3
2024-05-20,The Death of Stalin,2017,https://boxd.it/ea9Y,3.5
2024-05-21,Suspiria,1977,https://boxd.it/1SNW,4
2024-05-23,Hit Man,2023,https://boxd.it/ANB2,3.5
2024-05-24,La La Land,2016,https://boxd.it/a5fa,4
2024-05-25,Blow Out,1981,https://boxd.it/1TlE,3
2024-05-25,Bones and All,2022,https://boxd.it/tLd4,4.5
2024-05-29,Furiosa: A Mad Max Saga,2024,https://boxd.it/tABk,4
2024-05-29,Gladiator,2000,https://boxd.it/2b9m,5
2024-06-03,Godzilla Minus One,2023,https://boxd.it/zu4c,3
2024-07-30,Deadpool & Wolverine,2024,https://boxd.it/jq8s,2.5
2024-08-02,The Bourne Identity,2002,https://boxd.it/26EO,4
2024-10-06,Drunken Master,1978,https://boxd.it/1Ujk,3
2024-10-07,Talk to Me,2022,https://boxd.it/C6uQ,4
2024-10-08,Joker: Folie à Deux,2024,https://boxd.it/xBoE,3
2024-10-17,Barbarian,2022,https://boxd.it/yohi,3.5
2024-10-18,The Gentlemen,2019,https://boxd.it/iYBQ,4.5
2024-10-23,Operation Fortune: Ruse de Guerre,2023,https://boxd.it/rJXA,2.5
2024-10-24,Wrath of Man,2021,https://boxd.it/nEia,4
2024-10-25,Candyman,2021,https://boxd.it/kHFg,3
2024-10-26,The Beekeeper,2024,https://boxd.it/wJzS,0.5
2024-10-27,It,2017,https://boxd.it/bC8e,3
2024-10-28,The Black Phone,2021,https://boxd.it/sqFE,3
2024-10-29,Megalopolis,2024,https://boxd.it/lPBS,1
2024-10-30,GoodFellas,1990,https://boxd.it/29FA,4
2024-11-04,Hereditary,2018,https://boxd.it/hNVe,3.5
2024-11-07,The Substance,2024,https://boxd.it/zanS,3.5
2024-11-20,A Real Pain,2024,https://boxd.it/CjNG,3
2024-11-20,Conclave,2024,https://boxd.it/AO8q,4
2024-11-20,American Fiction,2023,https://boxd.it/DYHm,4
2024-11-22,Gladiator II,2024,https://boxd.it/kqQQ,2.5
2024-12-03,Anora,2024,https://boxd.it/Egcw,4
2024-12-13,Heretic,2024,https://boxd.it/H1lY,3.5
2024-12-21,Secret Level - Dungeons & Dragons: The Queen's Cradle,2024,https://boxd.it/RSua,3
2024-12-21,Secret Level - Sifu: It Takes a Life,2024,https://boxd.it/RSuk,3.5
2024-12-21,Secret Level - New World: The Once and Future King,2024,https://boxd.it/RSuu,3.5
2024-12-21,Secret Level - Unreal Tournament: Xan,2024,https://boxd.it/RSuE,4
2024-12-21,"Secret Level - Warhammer 40,000: And They Shall Know No Fear",2024,https://boxd.it/RSuO,4.5
2024-12-21,Secret Level - PAC-MAN: Circle,2024,https://boxd.it/RSuY,3.5
2024-12-21,Secret Level - Crossfire: Good Conflict,2024,https://boxd.it/RSv8,3
2024-12-21,Secret Level - Armored Core: Asset Management,2024,https://boxd.it/RSvi,4
2024-12-22,Secret Level - The Outer Worlds: The Company We Keep,2024,https://boxd.it/RSvs,3.5
2024-12-22,Secret Level - Mega Man: Start,2024,https://boxd.it/RSvM,2.5
2024-12-22,Secret Level - Exodus: Odyssey,2024,https://boxd.it/RSwq,3
2024-12-22,Secret Level - Spelunky: Tally,2024,https://boxd.it/RSwg,2.5
2024-12-22,Secret Level - Concord: Tale of the Implacable,2024,https://boxd.it/RSwK,3
2024-12-22,Secret Level - Honor of Kings: The Way of All Things,2024,https://boxd.it/RSx4,3.5
2024-12-22,Secret Level - Playtime: Fulfillment,2024,https://boxd.it/RSxe,2.5
2025-01-09,The Bourne Supremacy,2004,https://boxd.it/26EE,3.5
2025-01-31,Dirty Grandpa,2016,https://boxd.it/99pG,3
2025-02-13,The Brutalist,2024,https://boxd.it/k4BO,4.5
2025-02-25,The Incredible Hulk,2008,https://boxd.it/28dU,3
2025-02-25,Thor,2011,https://boxd.it/1WQU,3
2025-02-26,Thor: The Dark World,2013,https://boxd.it/2DqA,2.5
2025-02-26,Guardians of the Galaxy,2014,https://boxd.it/3VH2,4
2025-02-27,Avengers: Age of Ultron,2015,https://boxd.it/3qi6,2
2025-03-01,Thor: Ragnarok,2017,https://boxd.it/8MHi,4
2025-03-02,Black Panther,2018,https://boxd.it/8MHs,3.5
2025-03-02,Avengers: Infinity War,2018,https://boxd.it/9vEe,4.5
2025-03-05,Ant-Man and the Wasp,2018,https://boxd.it/cqUW,2.5
2025-03-05,Captain Marvel,2019,https://boxd.it/9vSA,3
2025-03-05,Guardians of the Galaxy Vol. 2,2017,https://boxd.it/8MxC,3.5
2025-03-07,Ready or Not,2019,https://boxd.it/kOf0,3
2025-03-07,Avengers: Endgame,2019,https://boxd.it/9vE4,3.5
2025-03-08,Spider-Man: Far From Home,2019,https://boxd.it/fegG,3.5
2025-03-11,Shōgun,2024,https://boxd.it/LciY,4.5
2025-03-15,Nosferatu,2024,https://boxd.it/f5eG,2.5
2025-03-15,Mickey 17,2025,https://boxd.it/q1Dk,3.5
2025-03-16,Black Widow,2021,https://boxd.it/hWV8,3
2025-03-29,Shang-Chi and the Legend of the Ten Rings,2021,https://boxd.it/kLDI,3
2025-03-29,Captain America: Civil War,2016,https://boxd.it/89Ja,2.5
2025-04-05,Eternals,2021,https://boxd.it/j36o,2
2025-04-24,The Amateur,2025,https://boxd.it/F9NW,2.5
2025-04-24,Sinners,2025,https://boxd.it/KQMM,4.5
2025-04-24,Loki,2021,https://boxd.it/sbHg,4
2025-04-29,WandaVision,2021,https://boxd.it/sbGW,3.5
2025-05-04,The Falcon and the Winter Soldier,2021,https://boxd.it/sbH6,2.5
2025-05-05,Spider-Man: No Way Home,2021,https://boxd.it/nwRw,3.5
2025-05-05,Doctor Strange in the Multiverse of Madness,2022,https://boxd.it/gaTc,1.5
2025-05-05,Thor: Love and Thunder,2022,https://boxd.it/mMAY,4
2025-05-06,Black Panther: Wakanda Forever,2022,https://boxd.it/igPu,3
2025-05-10,Guardians of the Galaxy Vol. 3,2023,https://boxd.it/fVNI,4.5
2025-05-21,Black Bag,2025,https://boxd.it/KRbM,4
2025-05-23,Thunderbolts*,2025,https://boxd.it/BfbQ,3.5
2025-05-27,Ant-Man and the Wasp: Quantumania,2023,https://boxd.it/nL2y,1
2025-05-27,The Marvels,2023,https://boxd.it/mwU4,1
2025-05-28,Rise of the Planet of the Apes,2011,https://boxd.it/cS4,4
2025-06-03,Captain America: Brave New World,2025,https://boxd.it/uYDm,3
2025-06-16,Mission: Impossible – Dead Reckoning,2023,https://boxd.it/l7zS,3.5
2025-06-17,Ballerina,2025,https://boxd.it/jKqG,3
2025-06-17,Mission: Impossible – Fallout,2018,https://boxd.it/bSVc,3.5
2025-06-17,Mission: Impossible – The Final Reckoning,2025,https://boxd.it/l7A2,3.5
2025-06-18,Dawn of the Planet of the Apes,2014,https://boxd.it/3XyQ,4
2025-06-24,War for the Planet of the Apes,2017,https://boxd.it/8FE2,3.5
2025-06-29,Kingsman: The Secret Service,2014,https://boxd.it/6dxe,4.5
2025-06-30,Warfare,2025,https://boxd.it/LbRo,4.5
2025-07-01,Nineteen Eighty-Four,1984,https://boxd.it/1YZE,3
2025-07-03,28 Days Later,2002,https://boxd.it/2aXU,2.5
2025-07-04,28 Weeks Later,2007,https://boxd.it/28Bi,1.5
2025-07-05,F1,2025,https://boxd.it/yjVM,3.5
2025-07-06,Kingsman: The Golden Circle,2017,https://boxd.it/buJm,3.5
2025-07-08,Immaculate,2024,https://boxd.it/Douw,1.5
2025-07-09,Kingdom of the Planet of the Apes,2024,https://boxd.it/ohEE,3
2025-07-25,The King's Man,2021,https://boxd.it/h714,3
2025-07-29,Platoon,1986,https://boxd.it/29BS,4.5
2025-08-03,The Hunger Games,2012,https://boxd.it/2uds,3.5
2025-08-05,The Hunger Games: Catching Fire,2013,https://boxd.it/3sAw,4
2025-08-07,The Hunger Games: Mockingjay – Part 1,2014,https://boxd.it/4hka,3.5
2025-08-09,The Hunger Games: Mockingjay – Part 2,2015,https://boxd.it/4hk0,3
2025-08-09,The Hunger Games: The Ballad of Songbirds & Snakes,2023,https://boxd.it/pZCY,3
2025-08-12,The King's Speech,2010,https://boxd.it/dX0,4
2025-10-04,The Accountant,2016,https://boxd.it/9EhI,3.5
2025-10-15,Gran Torino,2008,https://boxd.it/1Qzy,5
